quarter,table,rows,households,base_households,positive_households,households_without_participation,duplicate_rows,columns,amount_missing,amount_zero,amount_negative,code_missing,code_with_dot,code_lengths
1,kv_vopr0,12000,12000,11674,107,40,0,TE|K|REZ|KVARTAL|GOD|NOMER,,,,,,
1,kv_vopr1,269130,11958,11641,107,0,853,TE|K|KODNU|CELPOK|STOIMK|KVARTAL|PRIZ|GOD|MESTPOK|NOMER,0.0,0.0,0.0,0.0,0.0,8
1,kv_vopr10,8107,5003,4888,42,0,0,TE|K|KODNU|NOMVOPR|NOMVNEW|GR1|GR2|GR3|GR4|KVARTAL|GOD|NOMER,,,,0.0,748.0,2|3|4|5|6|8
1,kv_vopr11,24535,11913,11597,107,0,0,TE|K|NOMP|VOZ|POL|NOMVOPR|NOMVNEW|GR1|GR2|GR3|GR4|GR5|GR6|GR7|GR8|GR9|GR10|GR11|GR12|GR13|GR14|GR15|GR16|GR17|GR18|GR19|GR20|GR21|GR22|GR23|KVARTAL|GOD|NOMER,,,,,,
1,kv_vopr12,6882,4235,4114,40,0,40,TE|K|KODNU|NOMVOPR|NOMVNEW|NOMOTV|KOD|STOIMK|GR1|KVARTAL|GOD|NOMER,1189.0,517.0,0.0,1706.0,3994.0,2|9
1,kv_vopr2,65466,11958,11641,107,0,68,TE|K|KODNU|NOMVOPR|STOIMK|KVARTAL|GOD|TIME|NOMER,0.0,0.0,0.0,0.0,5118.0,3|6|8
1,kv_vopr3,26191,11957,11641,107,0,87,TE|K|KODNU|NOMVOPR|STOIMK|KVARTAL|GOD|NOMER,0.0,0.0,0.0,0.0,0.0,6|8
1,kv_vopr4,2843,2381,2322,20,0,2,TE|K|KODNU|NOMVOPR|STOIMK|KVARTAL|GOD|NOMER,0.0,0.0,0.0,0.0,0.0,4|8
1,kv_vopr5,4511,3394,3311,29,0,9,TE|K|KODNU|NOMVOPR|STOIMK|KVARTAL|GOD|NOMER,0.0,0.0,0.0,0.0,0.0,3|6|8
1,kv_vopr6,44054,11645,11335,105,0,282,TE|K|KOD|KODNU|NOMVOPR|NOMOTV|STOIMK|KVARTAL|GOD|NOMER,0.0,0.0,0.0,0.0,0.0,1|2|3|4|5|6|8
1,kv_vopr7,16355,9949,9683,90,0,24,TE|K|KODNU|NOMVOPR|STOIMK|KVARTAL|GOD|NOMER,0.0,0.0,0.0,0.0,0.0,2|6|8
1,kv_vopr9,50165,11956,11639,107,0,562,TE|K|KODNU|NOMVOPR|NOMVNEW|NOMOTV|EDIZ|GR1|GR2|GR3|GR4|GR5|GR6|GR7|GR8|GR9|KVARTAL|PRICE|GOD|NOMER,,,,44099.0,2280.0,2|4|6|8
2,kv_vopr0,12000,12000,11674,107,154,0,TE|K|REZ|KVARTAL|GOD|NOMER,,,,,,
2,kv_vopr1,267326,11842,11530,107,0,831,TE|K|KODNU|CELPOK|STOIMK|KVARTAL|PRIZ|GOD|MESTPOK|NOMER,0.0,0.0,0.0,0.0,0.0,8
2,kv_vopr10,9634,5113,4990,40,0,4,TE|K|KODNU|NOMVOPR|NOMVNEW|GR1|GR2|GR3|GR4|KVARTAL|GOD|NOMER,,,,0.0,758.0,2|3|4|5|6|8
2,kv_vopr11,24513,11798,11488,107,0,0,TE|K|NOMP|VOZ|POL|NOMVOPR|NOMVNEW|GR1|GR2|GR3|GR4|GR5|GR6|GR7|GR8|GR9|GR10|GR11|GR12|GR13|GR14|GR15|GR16|GR17|GR18|GR19|GR20|GR21|GR22|GR23|KVARTAL|GOD|NOMER,,,,,,
2,kv_vopr12,6330,3900,3791,35,0,22,TE|K|KODNU|NOMVOPR|NOMVNEW|NOMOTV|KOD|STOIMK|GR1|KVARTAL|GOD|NOMER,909.0,660.0,0.0,1534.0,3777.0,2|9
2,kv_vopr2,62559,11845,11533,107,0,102,TE|K|KODNU|NOMVOPR|STOIMK|KVARTAL|GOD|TIME|NOMER,0.0,0.0,0.0,0.0,4339.0,3|6|8
2,kv_vopr3,25476,11845,11533,107,0,93,TE|K|KODNU|NOMVOPR|STOIMK|KVARTAL|GOD|NOMER,0.0,0.0,0.0,0.0,0.0,6|8
2,kv_vopr4,2490,2139,2089,22,0,5,TE|K|KODNU|NOMVOPR|STOIMK|KVARTAL|GOD|NOMER,0.0,0.0,0.0,0.0,0.0,4|8
2,kv_vopr5,4673,3473,3405,27,0,11,TE|K|KODNU|NOMVOPR|STOIMK|KVARTAL|GOD|NOMER,0.0,0.0,0.0,0.0,0.0,3|6|8
2,kv_vopr6,44266,11619,11312,104,0,267,TE|K|KOD|KODNU|NOMVOPR|NOMOTV|STOIMK|KVARTAL|GOD|NOMER,0.0,0.0,0.0,0.0,0.0,1|2|3|4|5|6|8
2,kv_vopr7,16645,9939,9676,87,0,42,TE|K|KODNU|NOMVOPR|STOIMK|KVARTAL|GOD|NOMER,0.0,0.0,0.0,0.0,0.0,2|6|8
2,kv_vopr9,56682,11832,11520,107,0,1699,TE|K|KODNU|NOMVOPR|NOMVNEW|NOMOTV|EDIZ|GR1|GR2|GR3|GR4|GR5|GR6|GR7|GR8|GR9|KVARTAL|PRICE|GOD|NOMER,,,,44291.0,5414.0,2|4|6|8
3,kv_vopr0,12000,12000,11674,107,260,0,TE|K|REZ|KVARTAL|GOD|NOMER,,,,,,
3,kv_vopr1,294179,11736,11433,104,0,923,TE|K|KODNU|CELPOK|STOIMK|KVARTAL|PRIZ|GOD|MESTPOK|NOMER,0.0,0.0,0.0,0.0,0.0,8
3,kv_vopr10,14444,6040,5901,54,0,0,TE|K|KODNU|NOMVOPR|NOMVNEW|GR1|GR2|GR3|GR4|KVARTAL|GOD|NOMER,,,,0.0,650.0,2|3|4|5|6|8
3,kv_vopr11,24387,11678,11377,104,0,0,TE|K|NOMP|VOZ|POL|NOMVOPR|NOMVNEW|GR1|GR2|GR3|GR4|GR5|GR6|GR7|GR8|GR9|GR10|GR11|GR12|GR13|GR14|GR15|GR16|GR17|GR18|GR19|GR20|GR21|GR22|GR23|KVARTAL|GOD|NOMER,,,,,,
3,kv_vopr12,6131,3819,3715,36,0,28,TE|K|KODNU|NOMVOPR|NOMVNEW|NOMOTV|KOD|STOIMK|GR1|KVARTAL|GOD|NOMER,931.0,636.0,0.0,1567.0,3465.0,2|9
3,kv_vopr2,58974,11740,11437,104,0,95,TE|K|KODNU|NOMVOPR|STOIMK|KVARTAL|GOD|TIME|NOMER,0.0,0.0,0.0,0.0,453.0,3|6|8
3,kv_vopr3,25350,11727,11425,103,0,97,TE|K|KODNU|NOMVOPR|STOIMK|KVARTAL|GOD|NOMER,0.0,0.0,0.0,0.0,0.0,6|8
3,kv_vopr4,2261,1959,1901,16,0,6,TE|K|KODNU|NOMVOPR|STOIMK|KVARTAL|GOD|NOMER,0.0,0.0,0.0,0.0,0.0,4|8
3,kv_vopr5,4295,3223,3149,33,0,4,TE|K|KODNU|NOMVOPR|STOIMK|KVARTAL|GOD|NOMER,0.0,0.0,0.0,0.0,0.0,3|6|8
3,kv_vopr6,46988,11547,11246,102,0,283,TE|K|KOD|KODNU|NOMVOPR|NOMOTV|STOIMK|KVARTAL|GOD|NOMER,0.0,0.0,0.0,0.0,0.0,1|2|3|4|5|6|8
3,kv_vopr7,16576,9859,9596,87,0,45,TE|K|KODNU|NOMVOPR|STOIMK|KVARTAL|GOD|NOMER,0.0,0.0,0.0,0.0,0.0,2|6|8
3,kv_vopr9,64524,11721,11420,103,0,1506,TE|K|KODNU|NOMVOPR|NOMVNEW|NOMOTV|EDIZ|GR1|GR2|GR3|GR4|GR5|GR6|GR7|GR8|GR9|KVARTAL|PRICE|GOD|NOMER,,,,44269.0,3217.0,2|4|6|8
4,kv_vopr0,12000,12000,11674,107,291,0,TE|K|REZ|KVARTAL|GOD|NOMER,,,,,,
4,kv_vopr1,264416,11702,11401,104,0,820,TE|K|KODNU|CELPOK|STOIMK|KVARTAL|PRIZ|GOD|MESTPOK|NOMER,0.0,0.0,0.0,0.0,0.0,8
4,kv_vopr10,8303,4826,4715,41,0,0,TE|K|KODNU|NOMVOPR|NOMVNEW|GR1|GR2|GR3|GR4|KVARTAL|GOD|NOMER,,,,0.0,633.0,2|3|4|5|6|8
4,kv_vopr11,24427,11641,11341,104,0,0,TE|K|NOMP|VOZ|POL|NOMVOPR|NOMVNEW|GR1|GR2|GR3|GR4|GR5|GR6|GR7|GR8|GR9|GR10|GR11|GR12|GR13|GR14|GR15|GR16|GR17|GR18|GR19|GR20|GR21|GR22|GR23|KVARTAL|GOD|NOMER,,,,,,
4,kv_vopr12,5611,3559,3458,29,0,25,TE|K|KODNU|NOMVOPR|NOMVNEW|NOMOTV|KOD|STOIMK|GR1|KVARTAL|GOD|NOMER,882.0,409.0,0.0,1291.0,3394.0,2|9
4,kv_vopr2,64421,11704,11403,104,0,99,TE|K|KODNU|NOMVOPR|STOIMK|KVARTAL|GOD|TIME|NOMER,0.0,0.0,0.0,0.0,4798.0,3|6|8
4,kv_vopr3,24647,11691,11390,104,0,90,TE|K|KODNU|NOMVOPR|STOIMK|KVARTAL|GOD|NOMER,0.0,0.0,0.0,0.0,0.0,6|8
4,kv_vopr4,2586,2163,2104,17,0,5,TE|K|KODNU|NOMVOPR|STOIMK|KVARTAL|GOD|NOMER,0.0,0.0,0.0,0.0,0.0,4|8
4,kv_vopr5,4163,3173,3100,31,0,13,TE|K|KODNU|NOMVOPR|STOIMK|KVARTAL|GOD|NOMER,0.0,0.0,0.0,0.0,0.0,3|6|8
4,kv_vopr6,43394,11432,11135,101,0,251,TE|K|KOD|KODNU|NOMVOPR|NOMOTV|STOIMK|KVARTAL|GOD|NOMER,0.0,0.0,0.0,0.0,0.0,1|2|3|4|5|6|8
4,kv_vopr7,16132,9867,9599,83,0,37,TE|K|KODNU|NOMVOPR|STOIMK|KVARTAL|GOD|NOMER,0.0,0.0,0.0,0.0,0.0,2|6|8
4,kv_vopr9,49340,11688,11387,103,0,547,TE|K|KODNU|NOMVOPR|NOMVNEW|NOMOTV|EDIZ|GR1|GR2|GR3|GR4|GR5|GR6|GR7|GR8|GR9|KVARTAL|PRICE|GOD|NOMER,,,,42735.0,1933.0,2|4|6|8
