table,column,missing,missing_pct,unique
d002/2024/ocenka.csv,GODO,0,0.0,1
d002/2024/ocenka.csv,TE,0,0.0,20
d002/2024/ocenka.csv,K,0,0.0,2
d002/2024/ocenka.csv,NOMP,0,0.0,8
d002/2024/ocenka.csv,POL,0,0.0,2
d002/2024/ocenka.csv,VOZ,0,0.0,98
d002/2024/ocenka.csv,GR31_1,0,0.0,4
d002/2024/ocenka.csv,GR31_2,0,0.0,4
d002/2024/ocenka.csv,GR31_3,0,0.0,4
d002/2024/ocenka.csv,GR31_4,0,0.0,4
d002/2024/ocenka.csv,GR32,0,0.0,2
d002/2024/ocenka.csv,GR33,0,0.0,3
d002/2024/ocenka.csv,GR34,0,0.0,2
d002/2024/ocenka.csv,GR35,0,0.0,2
d002/2024/ocenka.csv,GR36,0,0.0,2
d002/2024/ocenka.csv,GR37,0,0.0,3
d002/2024/ocenka.csv,GR38,0,0.0,2
d002/2024/ocenka.csv,GR39,0,0.0,3
d002/2024/ocenka.csv,GR310,0,0.0,3
d002/2024/ocenka.csv,GR311,0,0.0,3
d002/2024/ocenka.csv,GR312,0,0.0,3
d002/2024/ocenka.csv,GR313,0,0.0,2
d002/2024/ocenka.csv,GR314,1338,11.214483278853407,2
d002/2024/ocenka.csv,GR315,0,0.0,2
d002/2024/ocenka.csv,GR316_1,11865,99.44681921046015,1
d002/2024/ocenka.csv,GR316_2,11719,98.22311625178108,1
d002/2024/ocenka.csv,GR316_3,11826,99.11993965300478,1
d002/2024/ocenka.csv,GR316_4,9351,78.37566004526025,1
d002/2024/ocenka.csv,GR316_5,11911,99.8323694577152,1
d002/2024/ocenka.csv,GR316_6,11896,99.70664655100158,1
d002/2024/ocenka.csv,GR317,0,0.0,2
d002/2024/ocenka.csv,GR318_1,11880,99.57254211717374,1
d002/2024/ocenka.csv,GR318_2,11901,99.74855418657279,1
d002/2024/ocenka.csv,GR318_3,10922,91.54303914173163,1
d002/2024/ocenka.csv,GR318_4,11894,99.6898834967731,1
d002/2024/ocenka.csv,GR318_5,11508,96.4546140306764,1
d002/2024/ocenka.csv,GR318_6,11898,99.72340960523007,1
d002/2024/ocenka.csv,GR318_7,11927,99.96647389154305,1
d002/2024/ocenka.csv,GR318_8,11621,97.40172659458554,1
d002/2024/ocenka.csv,GR318_9,11889,99.64797586120191,1
d002/2024/ocenka.csv,GR319,0,0.0,3
d002/2024/ocenka.csv,GR320_1,11317,94.85374235185651,1
d002/2024/ocenka.csv,GR320_2,11664,97.76213226049786,1
d002/2024/ocenka.csv,GR320_3,11746,98.44941748386556,1
d002/2024/ocenka.csv,GR320_4,11677,97.87109211298298,1
d002/2024/ocenka.csv,GR320_5,11603,97.2508591065292,1
d002/2024/ocenka.csv,GR320_6,11602,97.24247757941497,1
d002/2024/ocenka.csv,GR320_7,11864,99.43843768334591,1
d002/2024/ocenka.csv,GR320_8,11894,99.6898834967731,1
d002/2024/ocenka.csv,GR320_9,11818,99.05288743609086,1
d002/2024/ocenka.csv,GR320_10,11866,99.45520073757439,1
d002/2024/ocenka.csv,GR40,3,0.025144581342720643,2
d002/2024/ocenka.csv,GR41,5797,48.58771268125052,2
d002/2024/ocenka.csv,GR42_1,11851,99.32947783086078,3
d002/2024/ocenka.csv,GR42_2,11906,99.790461822144,3
d002/2024/ocenka.csv,GR42_3,11928,99.97485541865728,2
d002/2024/ocenka.csv,GR42_4,11927,99.96647389154305,2
d002/2024/ocenka.csv,GR42_5,11928,99.97485541865728,1
d002/2024/ocenka.csv,GR42_6,11931,100.0,0
d002/2024/ocenka.csv,GR42_7,11931,100.0,0
d002/2024/ocenka.csv,GR43_1,11861,99.41329310200318,2
d002/2024/ocenka.csv,GR43_2,11906,99.790461822144,3
d002/2024/ocenka.csv,GR43_3,11927,99.96647389154305,2
d002/2024/ocenka.csv,GR43_4,11926,99.9580923644288,1
d002/2024/ocenka.csv,GR43_5,11930,99.99161847288576,1
d002/2024/ocenka.csv,GR43_6,11931,100.0,0
d002/2024/ocenka.csv,GR43_7,11931,100.0,0
d002/2024/ocenka.csv,GR44_1,5796,48.579331154136284,5
d002/2024/ocenka.csv,GR44_2,5819,48.77210627776381,5
d002/2024/ocenka.csv,GR44_3,5859,49.10736736233341,5
d002/2024/ocenka.csv,GR44_4,5871,49.2079456877043,5
d002/2024/ocenka.csv,GR44_5,5880,49.28337943173246,5
d002/2024/ocenka.csv,GR44_6,5918,49.60187746207359,5
d002/2024/ocenka.csv,GR44_7,5944,49.81979716704383,5
d002/2024/ocenka.csv,GR44_8,5970,50.03771687201408,5
d002/2024/ocenka.csv,GR44_9,6002,50.30592573966977,5
d002/2024/ocenka.csv,GR44_10,5804,48.646383371050206,5
d002/2024/ocenka.csv,GR44_11,5808,48.67990947950717,5
d002/2024/ocenka.csv,GR44_12,5853,49.057078199647975,5
d002/2024/ocenka.csv,GR44_13,5893,49.392339284217584,5
d002/2024/ocenka.csv,GR44_14,5900,49.45100997401727,5
d002/2024/ocenka.csv,GR45_1,5837,48.92297376582013,4
d002/2024/ocenka.csv,GR45_2,5899,49.44262844690302,4
d002/2024/ocenka.csv,GR45_3,5996,50.25563657698433,4
d002/2024/ocenka.csv,GR45_4,6006,50.33945184812673,4
d002/2024/ocenka.csv,GR45_5,6028,50.52384544464002,4
d002/2024/ocenka.csv,GR45_6,6068,50.85910652920962,4
d002/2024/ocenka.csv,GR45_7,6084,50.99321096303746,4
d002/2024/ocenka.csv,GR45_8,5989,50.19696588718464,4
d002/2024/ocenka.csv,GR45_9,6025,50.498700863297294,4
d002/2024/ocenka.csv,GR45_10,5879,49.274997904618225,4
d002/2024/ocenka.csv,GR45_11,5910,49.53482524515967,4
d002/2024/ocenka.csv,GR45_12,5935,49.74436342301568,4
d002/2024/ocenka.csv,GR45_13,6017,50.43164864638337,4
d002/2024/ocenka.csv,GR45_14,6024,50.490319336183056,4
d002/2024/ocenka.csv,GR46,6046,50.674712932696345,5
d002/2024/ocenka.csv,NOMER,0,0.0,11931
d002/2024/subject.csv,GODO,0,0.0,1
d002/2024/subject.csv,TE,0,0.0,20
d002/2024/subject.csv,K,0,0.0,2
d002/2024/subject.csv,NOMP,0,0.0,8
d002/2024/subject.csv,POL,0,0.0,2
d002/2024/subject.csv,VOZ,0,0.0,98
d002/2024/subject.csv,GR1,0,0.0,10
d002/2024/subject.csv,GR2,0,0.0,11
d002/2024/subject.csv,GR3,0,0.0,11
d002/2024/subject.csv,GR4,0,0.0,10
d002/2024/subject.csv,GR5,0,0.0,11
d002/2024/subject.csv,GR6_1,0,0.0,11
d002/2024/subject.csv,GR6_2,0,0.0,11
d002/2024/subject.csv,GR6_3,0,0.0,11
d002/2024/subject.csv,GR7,0,0.0,11
d002/2024/subject.csv,GR8,0,0.0,11
d002/2024/subject.csv,GR9_1,0,0.0,11
d002/2024/subject.csv,GR9_2,0,0.0,11
d002/2024/subject.csv,GR9_3,0,0.0,11
d002/2024/subject.csv,GR10,0,0.0,11
d002/2024/subject.csv,GR11,0,0.0,11
d002/2024/subject.csv,GR12,0,0.0,11
d002/2024/subject.csv,GR13,0,0.0,11
d002/2024/subject.csv,GR14_1,0,0.0,11
d002/2024/subject.csv,GR14_2,0,0.0,11
d002/2024/subject.csv,GR15_1,0,0.0,11
d002/2024/subject.csv,GR15_2,0,0.0,11
d002/2024/subject.csv,GR16_1,0,0.0,11
d002/2024/subject.csv,GR16_2,0,0.0,11
d002/2024/subject.csv,GR16_3,0,0.0,11
d002/2024/subject.csv,GR16_4,0,0.0,11
d002/2024/subject.csv,GR17_1,0,0.0,11
d002/2024/subject.csv,GR17_2,0,0.0,11
d002/2024/subject.csv,GR17_3,0,0.0,11
d002/2024/subject.csv,GR17_4,0,0.0,11
d002/2024/subject.csv,GR18_1,0,0.0,11
d002/2024/subject.csv,GR18_2,0,0.0,11
d002/2024/subject.csv,GR18_3,0,0.0,11
d002/2024/subject.csv,GR18_4,0,0.0,11
d002/2024/subject.csv,GR18_5,0,0.0,11
d002/2024/subject.csv,GR18_6,0,0.0,11
d002/2024/subject.csv,GR19,0,0.0,11
d002/2024/subject.csv,GR21,0,0.0,6
d002/2024/subject.csv,GR22_1,11920,99.90780320174336,1
d002/2024/subject.csv,GR22_2,11903,99.76531724080128,1
d002/2024/subject.csv,GR22_3,11924,99.94132931020032,1
d002/2024/subject.csv,GR22_4,11871,99.49710837314558,1
d002/2024/subject.csv,GR22_5,11899,99.73179113234431,1
d002/2024/subject.csv,GR22_6,11912,99.84075098482944,1
d002/2024/subject.csv,GR22_7,11919,99.89942167462912,1
d002/2024/subject.csv,GR22_8,11920,99.90780320174336,1
d002/2024/subject.csv,GR22_9,11930,99.99161847288576,1
d002/2024/subject.csv,GR22_10,11914,99.85751403905792,1
d002/2024/subject.csv,GR22_11,11931,100.0,0
d002/2024/subject.csv,GR22_12,11931,100.0,0
d002/2024/subject.csv,GR22_13,11931,100.0,0
d002/2024/subject.csv,GR22_14,11918,99.89104014751487,1
d002/2024/subject.csv,GR23,0,0.0,3
d002/2024/subject.csv,GR24,0,0.0,5
d002/2024/subject.csv,GR25,0,0.0,6
d002/2024/subject.csv,GR26,0,0.0,4
d002/2024/subject.csv,GR27,0,0.0,4
d002/2024/subject.csv,GR28_1,11753,98.50808817366524,1
d002/2024/subject.csv,GR28_2,11896,99.70664655100158,1
d002/2024/subject.csv,GR28_3,11909,99.81560640348671,1
d002/2024/subject.csv,GR28_4,11894,99.6898834967731,1
d002/2024/subject.csv,GR28_5,11902,99.75693571368703,1
d002/2024/subject.csv,GR29,0,0.0,4
d002/2024/subject.csv,GR210,0,0.0,4
d002/2024/subject.csv,GR211,0,0.0,4
d002/2024/subject.csv,GR212,0,0.0,4
d002/2024/subject.csv,GR213,0,0.0,4
d002/2024/subject.csv,GR214,0,0.0,4
d002/2024/subject.csv,ZT,31,0.2598273405414467,5
d002/2024/subject.csv,NOMER,0,0.0,11931
d004/2024/1kv/kv_vopr0.csv,TE,0,0.0,20
d004/2024/1kv/kv_vopr0.csv,K,0,0.0,2
d004/2024/1kv/kv_vopr0.csv,REZ,0,0.0,2
d004/2024/1kv/kv_vopr0.csv,KVARTAL,0,0.0,1
d004/2024/1kv/kv_vopr0.csv,GOD,0,0.0,1
d004/2024/1kv/kv_vopr0.csv,NOMER,0,0.0,12000
d004/2024/1kv/kv_vopr1.csv,TE,0,0.0,20
d004/2024/1kv/kv_vopr1.csv,K,0,0.0,2
d004/2024/1kv/kv_vopr1.csv,KODNU,0,0.0,395
d004/2024/1kv/kv_vopr1.csv,CELPOK,0,0.0,3
d004/2024/1kv/kv_vopr1.csv,STOIMK,0,0.0,4072
d004/2024/1kv/kv_vopr1.csv,KVARTAL,0,0.0,1
d004/2024/1kv/kv_vopr1.csv,PRIZ,269130,100.0,0
d004/2024/1kv/kv_vopr1.csv,GOD,0,0.0,1
d004/2024/1kv/kv_vopr1.csv,MESTPOK,0,0.0,5
d004/2024/1kv/kv_vopr1.csv,NOMER,0,0.0,11958
d004/2024/1kv/kv_vopr10.csv,TE,0,0.0,20
d004/2024/1kv/kv_vopr10.csv,K,0,0.0,2
d004/2024/1kv/kv_vopr10.csv,KODNU,0,0.0,25
d004/2024/1kv/kv_vopr10.csv,NOMVOPR,0,0.0,2
d004/2024/1kv/kv_vopr10.csv,NOMVNEW,0,0.0,2
d004/2024/1kv/kv_vopr10.csv,GR1,0,0.0,1270
d004/2024/1kv/kv_vopr10.csv,GR2,0,0.0,316
d004/2024/1kv/kv_vopr10.csv,GR3,853,10.521771308745528,2
d004/2024/1kv/kv_vopr10.csv,GR4,862,10.632786480819046,1854
d004/2024/1kv/kv_vopr10.csv,KVARTAL,0,0.0,1
d004/2024/1kv/kv_vopr10.csv,GOD,0,0.0,1
d004/2024/1kv/kv_vopr10.csv,NOMER,0,0.0,5003
d004/2024/1kv/kv_vopr11.csv,TE,0,0.0,20
d004/2024/1kv/kv_vopr11.csv,K,0,0.0,2
d004/2024/1kv/kv_vopr11.csv,NOMP,0,0.0,9
d004/2024/1kv/kv_vopr11.csv,VOZ,0,0.0,85
d004/2024/1kv/kv_vopr11.csv,POL,0,0.0,2
d004/2024/1kv/kv_vopr11.csv,NOMVOPR,0,0.0,1
d004/2024/1kv/kv_vopr11.csv,NOMVNEW,0,0.0,1
d004/2024/1kv/kv_vopr11.csv,GR1,0,0.0,1052
d004/2024/1kv/kv_vopr11.csv,GR2,0,0.0,408
d004/2024/1kv/kv_vopr11.csv,GR3,0,0.0,235
d004/2024/1kv/kv_vopr11.csv,GR4,0,0.0,870
d004/2024/1kv/kv_vopr11.csv,GR5,0,0.0,94
d004/2024/1kv/kv_vopr11.csv,GR6,0,0.0,22
d004/2024/1kv/kv_vopr11.csv,GR7,0,0.0,19
d004/2024/1kv/kv_vopr11.csv,GR8,0,0.0,270
d004/2024/1kv/kv_vopr11.csv,GR9,0,0.0,225
d004/2024/1kv/kv_vopr11.csv,GR10,0,0.0,92
d004/2024/1kv/kv_vopr11.csv,GR11,0,0.0,34
d004/2024/1kv/kv_vopr11.csv,GR12,0,0.0,30
d004/2024/1kv/kv_vopr11.csv,GR13,0,0.0,153
d004/2024/1kv/kv_vopr11.csv,GR14,0,0.0,34
d004/2024/1kv/kv_vopr11.csv,GR15,0,0.0,3
d004/2024/1kv/kv_vopr11.csv,GR16,0,0.0,86
d004/2024/1kv/kv_vopr11.csv,GR17,0,0.0,3
d004/2024/1kv/kv_vopr11.csv,GR18,0,0.0,25
d004/2024/1kv/kv_vopr11.csv,GR19,0,0.0,26
d004/2024/1kv/kv_vopr11.csv,GR20,0,0.0,28
d004/2024/1kv/kv_vopr11.csv,GR21,0,0.0,6
d004/2024/1kv/kv_vopr11.csv,GR22,0,0.0,49
d004/2024/1kv/kv_vopr11.csv,GR23,0,0.0,92
d004/2024/1kv/kv_vopr11.csv,KVARTAL,0,0.0,1
d004/2024/1kv/kv_vopr11.csv,GOD,0,0.0,1
d004/2024/1kv/kv_vopr11.csv,NOMER,0,0.0,11913
d004/2024/1kv/kv_vopr12.csv,TE,0,0.0,20
d004/2024/1kv/kv_vopr12.csv,K,0,0.0,2
d004/2024/1kv/kv_vopr12.csv,KODNU,1706,24.789305434466723,6
d004/2024/1kv/kv_vopr12.csv,NOMVOPR,0,0.0,3
d004/2024/1kv/kv_vopr12.csv,NOMVNEW,0,0.0,3
d004/2024/1kv/kv_vopr12.csv,NOMOTV,3244,47.137460040685845,2
d004/2024/1kv/kv_vopr12.csv,KOD,5176,75.21069456553327,9
d004/2024/1kv/kv_vopr12.csv,STOIMK,1189,17.276954373728568,874
d004/2024/1kv/kv_vopr12.csv,GR1,4406,64.02208660273176,1
d004/2024/1kv/kv_vopr12.csv,KVARTAL,0,0.0,1
d004/2024/1kv/kv_vopr12.csv,GOD,0,0.0,1
d004/2024/1kv/kv_vopr12.csv,NOMER,0,0.0,4235
d004/2024/1kv/kv_vopr2.csv,TE,0,0.0,20
d004/2024/1kv/kv_vopr2.csv,K,0,0.0,2
d004/2024/1kv/kv_vopr2.csv,KODNU,0,0.0,18
d004/2024/1kv/kv_vopr2.csv,NOMVOPR,0,0.0,1
d004/2024/1kv/kv_vopr2.csv,STOIMK,0,0.0,8451
d004/2024/1kv/kv_vopr2.csv,KVARTAL,0,0.0,1
d004/2024/1kv/kv_vopr2.csv,GOD,0,0.0,1
d004/2024/1kv/kv_vopr2.csv,TIME,4722,7.212904408395198,7
d004/2024/1kv/kv_vopr2.csv,NOMER,0,0.0,11958
d004/2024/1kv/kv_vopr3.csv,TE,0,0.0,20
d004/2024/1kv/kv_vopr3.csv,K,0,0.0,2
d004/2024/1kv/kv_vopr3.csv,KODNU,0,0.0,11
d004/2024/1kv/kv_vopr3.csv,NOMVOPR,0,0.0,1
d004/2024/1kv/kv_vopr3.csv,STOIMK,0,0.0,1500
d004/2024/1kv/kv_vopr3.csv,KVARTAL,0,0.0,1
d004/2024/1kv/kv_vopr3.csv,GOD,0,0.0,1
d004/2024/1kv/kv_vopr3.csv,NOMER,0,0.0,11957
d004/2024/1kv/kv_vopr4.csv,TE,0,0.0,20
d004/2024/1kv/kv_vopr4.csv,K,0,0.0,2
d004/2024/1kv/kv_vopr4.csv,KODNU,0,0.0,11
d004/2024/1kv/kv_vopr4.csv,NOMVOPR,0,0.0,1
d004/2024/1kv/kv_vopr4.csv,STOIMK,0,0.0,402
d004/2024/1kv/kv_vopr4.csv,KVARTAL,0,0.0,1
d004/2024/1kv/kv_vopr4.csv,GOD,0,0.0,1
d004/2024/1kv/kv_vopr4.csv,NOMER,0,0.0,2381
d004/2024/1kv/kv_vopr5.csv,TE,0,0.0,20
d004/2024/1kv/kv_vopr5.csv,K,0,0.0,2
d004/2024/1kv/kv_vopr5.csv,KODNU,0,0.0,12
d004/2024/1kv/kv_vopr5.csv,NOMVOPR,0,0.0,1
d004/2024/1kv/kv_vopr5.csv,STOIMK,0,0.0,305
d004/2024/1kv/kv_vopr5.csv,KVARTAL,0,0.0,1
d004/2024/1kv/kv_vopr5.csv,GOD,0,0.0,1
d004/2024/1kv/kv_vopr5.csv,NOMER,0,0.0,3394
d004/2024/1kv/kv_vopr6.csv,TE,0,0.0,20
d004/2024/1kv/kv_vopr6.csv,K,0,0.0,2
d004/2024/1kv/kv_vopr6.csv,KOD,44054,100.0,0
d004/2024/1kv/kv_vopr6.csv,KODNU,0,0.0,74
d004/2024/1kv/kv_vopr6.csv,NOMVOPR,0,0.0,3
d004/2024/1kv/kv_vopr6.csv,NOMOTV,19580,44.445453307304675,1
d004/2024/1kv/kv_vopr6.csv,STOIMK,0,0.0,1082
d004/2024/1kv/kv_vopr6.csv,KVARTAL,0,0.0,1
d004/2024/1kv/kv_vopr6.csv,GOD,0,0.0,1
d004/2024/1kv/kv_vopr6.csv,NOMER,0,0.0,11645
d004/2024/1kv/kv_vopr7.csv,TE,0,0.0,20
d004/2024/1kv/kv_vopr7.csv,K,0,0.0,2
d004/2024/1kv/kv_vopr7.csv,KODNU,0,0.0,15
d004/2024/1kv/kv_vopr7.csv,NOMVOPR,0,0.0,1
d004/2024/1kv/kv_vopr7.csv,STOIMK,0,0.0,928
d004/2024/1kv/kv_vopr7.csv,KVARTAL,0,0.0,1
d004/2024/1kv/kv_vopr7.csv,GOD,0,0.0,1
d004/2024/1kv/kv_vopr7.csv,NOMER,0,0.0,9949
d004/2024/1kv/kv_vopr9.csv,TE,0,0.0,20
d004/2024/1kv/kv_vopr9.csv,K,0,0.0,2
d004/2024/1kv/kv_vopr9.csv,KODNU,44099,87.90790391707365,24
d004/2024/1kv/kv_vopr9.csv,NOMVOPR,0,0.0,11
d004/2024/1kv/kv_vopr9.csv,NOMVNEW,0,0.0,11
d004/2024/1kv/kv_vopr9.csv,NOMOTV,3431,6.839429881391408,3
d004/2024/1kv/kv_vopr9.csv,EDIZ,46374,92.44293830359813,4
d004/2024/1kv/kv_vopr9.csv,GR1,21180,42.22067178311572,706
d004/2024/1kv/kv_vopr9.csv,GR2,22506,44.863948968404266,281
d004/2024/1kv/kv_vopr9.csv,GR3,22445,44.74235024419416,83
d004/2024/1kv/kv_vopr9.csv,GR4,22575,45.00149506628127,228
d004/2024/1kv/kv_vopr9.csv,GR5,23292,46.43077843117712,169
d004/2024/1kv/kv_vopr9.csv,GR6,23328,46.50254161267816,6
d004/2024/1kv/kv_vopr9.csv,GR7,23291,46.428785009468754,242
d004/2024/1kv/kv_vopr9.csv,GR8,23323,46.49257450413635,2
d004/2024/1kv/kv_vopr9.csv,GR9,25638,51.107345758995315,3
d004/2024/1kv/kv_vopr9.csv,KVARTAL,0,0.0,1
d004/2024/1kv/kv_vopr9.csv,PRICE,23293,46.43277185288548,103
d004/2024/1kv/kv_vopr9.csv,GOD,0,0.0,1
d004/2024/1kv/kv_vopr9.csv,NOMER,0,0.0,11956
d004/2024/2kv/kv_vopr0.csv,TE,0,0.0,20
d004/2024/2kv/kv_vopr0.csv,K,0,0.0,2
d004/2024/2kv/kv_vopr0.csv,REZ,0,0.0,2
d004/2024/2kv/kv_vopr0.csv,KVARTAL,0,0.0,1
d004/2024/2kv/kv_vopr0.csv,GOD,0,0.0,1
d004/2024/2kv/kv_vopr0.csv,NOMER,0,0.0,12000
d004/2024/2kv/kv_vopr1.csv,TE,0,0.0,20
d004/2024/2kv/kv_vopr1.csv,K,0,0.0,2
d004/2024/2kv/kv_vopr1.csv,KODNU,0,0.0,388
d004/2024/2kv/kv_vopr1.csv,CELPOK,0,0.0,3
d004/2024/2kv/kv_vopr1.csv,STOIMK,0,0.0,4069
d004/2024/2kv/kv_vopr1.csv,KVARTAL,0,0.0,1
d004/2024/2kv/kv_vopr1.csv,PRIZ,267326,100.0,0
d004/2024/2kv/kv_vopr1.csv,GOD,0,0.0,1
d004/2024/2kv/kv_vopr1.csv,MESTPOK,0,0.0,5
d004/2024/2kv/kv_vopr1.csv,NOMER,0,0.0,11842
d004/2024/2kv/kv_vopr10.csv,TE,0,0.0,20
d004/2024/2kv/kv_vopr10.csv,K,0,0.0,2
d004/2024/2kv/kv_vopr10.csv,KODNU,0,0.0,25
d004/2024/2kv/kv_vopr10.csv,NOMVOPR,0,0.0,2
d004/2024/2kv/kv_vopr10.csv,NOMVNEW,0,0.0,2
d004/2024/2kv/kv_vopr10.csv,GR1,0,0.0,1435
d004/2024/2kv/kv_vopr10.csv,GR2,0,0.0,301
d004/2024/2kv/kv_vopr10.csv,GR3,668,6.933776209258875,3
d004/2024/2kv/kv_vopr10.csv,GR4,680,7.058335063317417,2181
d004/2024/2kv/kv_vopr10.csv,KVARTAL,0,0.0,1
d004/2024/2kv/kv_vopr10.csv,GOD,0,0.0,1
d004/2024/2kv/kv_vopr10.csv,NOMER,0,0.0,5113
d004/2024/2kv/kv_vopr11.csv,TE,0,0.0,20
d004/2024/2kv/kv_vopr11.csv,K,0,0.0,2
d004/2024/2kv/kv_vopr11.csv,NOMP,0,0.0,9
d004/2024/2kv/kv_vopr11.csv,VOZ,0,0.0,98
d004/2024/2kv/kv_vopr11.csv,POL,0,0.0,2
d004/2024/2kv/kv_vopr11.csv,NOMVOPR,0,0.0,1
d004/2024/2kv/kv_vopr11.csv,NOMVNEW,0,0.0,1
d004/2024/2kv/kv_vopr11.csv,GR1,0,0.0,1062
d004/2024/2kv/kv_vopr11.csv,GR2,0,0.0,453
d004/2024/2kv/kv_vopr11.csv,GR3,0,0.0,275
d004/2024/2kv/kv_vopr11.csv,GR4,0,0.0,853
d004/2024/2kv/kv_vopr11.csv,GR5,0,0.0,91
d004/2024/2kv/kv_vopr11.csv,GR6,0,0.0,13
d004/2024/2kv/kv_vopr11.csv,GR7,0,0.0,5
d004/2024/2kv/kv_vopr11.csv,GR8,0,0.0,273
d004/2024/2kv/kv_vopr11.csv,GR9,0,0.0,231
d004/2024/2kv/kv_vopr11.csv,GR10,0,0.0,90
d004/2024/2kv/kv_vopr11.csv,GR11,0,0.0,49
d004/2024/2kv/kv_vopr11.csv,GR12,0,0.0,22
d004/2024/2kv/kv_vopr11.csv,GR13,0,0.0,126
d004/2024/2kv/kv_vopr11.csv,GR14,0,0.0,34
d004/2024/2kv/kv_vopr11.csv,GR15,0,0.0,4
d004/2024/2kv/kv_vopr11.csv,GR16,0,0.0,78
d004/2024/2kv/kv_vopr11.csv,GR17,0,0.0,1
d004/2024/2kv/kv_vopr11.csv,GR18,0,0.0,26
d004/2024/2kv/kv_vopr11.csv,GR19,0,0.0,28
d004/2024/2kv/kv_vopr11.csv,GR20,0,0.0,30
d004/2024/2kv/kv_vopr11.csv,GR21,0,0.0,1
d004/2024/2kv/kv_vopr11.csv,GR22,0,0.0,121
d004/2024/2kv/kv_vopr11.csv,GR23,0,0.0,77
d004/2024/2kv/kv_vopr11.csv,KVARTAL,0,0.0,1
d004/2024/2kv/kv_vopr11.csv,GOD,0,0.0,1
d004/2024/2kv/kv_vopr11.csv,NOMER,0,0.0,11798
d004/2024/2kv/kv_vopr12.csv,TE,0,0.0,20
d004/2024/2kv/kv_vopr12.csv,K,0,0.0,2
d004/2024/2kv/kv_vopr12.csv,KODNU,1534,24.233807266982623,6
d004/2024/2kv/kv_vopr12.csv,NOMVOPR,0,0.0,3
d004/2024/2kv/kv_vopr12.csv,NOMVNEW,0,0.0,3
d004/2024/2kv/kv_vopr12.csv,NOMOTV,2679,42.322274881516584,2
d004/2024/2kv/kv_vopr12.csv,KOD,4812,76.01895734597156,8
d004/2024/2kv/kv_vopr12.csv,STOIMK,909,14.360189573459717,805
d004/2024/2kv/kv_vopr12.csv,GR1,3561,56.25592417061611,1
d004/2024/2kv/kv_vopr12.csv,KVARTAL,0,0.0,1
d004/2024/2kv/kv_vopr12.csv,GOD,0,0.0,1
d004/2024/2kv/kv_vopr12.csv,NOMER,0,0.0,3900
d004/2024/2kv/kv_vopr2.csv,TE,0,0.0,20
d004/2024/2kv/kv_vopr2.csv,K,0,0.0,2
d004/2024/2kv/kv_vopr2.csv,KODNU,0,0.0,17
d004/2024/2kv/kv_vopr2.csv,NOMVOPR,0,0.0,1
d004/2024/2kv/kv_vopr2.csv,STOIMK,0,0.0,7628
d004/2024/2kv/kv_vopr2.csv,KVARTAL,0,0.0,1
d004/2024/2kv/kv_vopr2.csv,GOD,0,0.0,1
d004/2024/2kv/kv_vopr2.csv,TIME,6262,10.009750795249285,6
d004/2024/2kv/kv_vopr2.csv,NOMER,0,0.0,11845
d004/2024/2kv/kv_vopr3.csv,TE,0,0.0,20
d004/2024/2kv/kv_vopr3.csv,K,0,0.0,2
d004/2024/2kv/kv_vopr3.csv,KODNU,0,0.0,10
d004/2024/2kv/kv_vopr3.csv,NOMVOPR,0,0.0,1
d004/2024/2kv/kv_vopr3.csv,STOIMK,0,0.0,1392
d004/2024/2kv/kv_vopr3.csv,KVARTAL,0,0.0,1
d004/2024/2kv/kv_vopr3.csv,GOD,0,0.0,1
d004/2024/2kv/kv_vopr3.csv,NOMER,0,0.0,11845
d004/2024/2kv/kv_vopr4.csv,TE,0,0.0,20
d004/2024/2kv/kv_vopr4.csv,K,0,0.0,2
d004/2024/2kv/kv_vopr4.csv,KODNU,0,0.0,11
d004/2024/2kv/kv_vopr4.csv,NOMVOPR,0,0.0,1
d004/2024/2kv/kv_vopr4.csv,STOIMK,0,0.0,317
d004/2024/2kv/kv_vopr4.csv,KVARTAL,0,0.0,1
d004/2024/2kv/kv_vopr4.csv,GOD,0,0.0,1
d004/2024/2kv/kv_vopr4.csv,NOMER,0,0.0,2139
d004/2024/2kv/kv_vopr5.csv,TE,0,0.0,20
d004/2024/2kv/kv_vopr5.csv,K,0,0.0,2
d004/2024/2kv/kv_vopr5.csv,KODNU,0,0.0,12
d004/2024/2kv/kv_vopr5.csv,NOMVOPR,0,0.0,1
d004/2024/2kv/kv_vopr5.csv,STOIMK,0,0.0,348
d004/2024/2kv/kv_vopr5.csv,KVARTAL,0,0.0,1
d004/2024/2kv/kv_vopr5.csv,GOD,0,0.0,1
d004/2024/2kv/kv_vopr5.csv,NOMER,0,0.0,3473
d004/2024/2kv/kv_vopr6.csv,TE,0,0.0,20
d004/2024/2kv/kv_vopr6.csv,K,0,0.0,2
d004/2024/2kv/kv_vopr6.csv,KOD,44266,100.0,0
d004/2024/2kv/kv_vopr6.csv,KODNU,0,0.0,76
d004/2024/2kv/kv_vopr6.csv,NOMVOPR,0,0.0,3
d004/2024/2kv/kv_vopr6.csv,NOMOTV,18884,42.66028102832874,1
d004/2024/2kv/kv_vopr6.csv,STOIMK,0,0.0,1149
d004/2024/2kv/kv_vopr6.csv,KVARTAL,0,0.0,1
d004/2024/2kv/kv_vopr6.csv,GOD,0,0.0,1
d004/2024/2kv/kv_vopr6.csv,NOMER,0,0.0,11619
d004/2024/2kv/kv_vopr7.csv,TE,0,0.0,20
d004/2024/2kv/kv_vopr7.csv,K,0,0.0,2
d004/2024/2kv/kv_vopr7.csv,KODNU,0,0.0,16
d004/2024/2kv/kv_vopr7.csv,NOMVOPR,0,0.0,1
d004/2024/2kv/kv_vopr7.csv,STOIMK,0,0.0,931
d004/2024/2kv/kv_vopr7.csv,KVARTAL,0,0.0,1
d004/2024/2kv/kv_vopr7.csv,GOD,0,0.0,1
d004/2024/2kv/kv_vopr7.csv,NOMER,0,0.0,9939
d004/2024/2kv/kv_vopr9.csv,TE,0,0.0,20
d004/2024/2kv/kv_vopr9.csv,K,0,0.0,2
d004/2024/2kv/kv_vopr9.csv,KODNU,44291,78.1394446208673,46
d004/2024/2kv/kv_vopr9.csv,NOMVOPR,0,0.0,11
d004/2024/2kv/kv_vopr9.csv,NOMVNEW,0,0.0,11
d004/2024/2kv/kv_vopr9.csv,NOMOTV,7446,13.136445432412405,3
d004/2024/2kv/kv_vopr9.csv,EDIZ,49446,87.2340425531915,5
d004/2024/2kv/kv_vopr9.csv,GR1,20570,36.29018030415299,904
d004/2024/2kv/kv_vopr9.csv,GR2,23620,41.67107723792385,415
d004/2024/2kv/kv_vopr9.csv,GR3,23539,41.52817472919092,135
d004/2024/2kv/kv_vopr9.csv,GR4,23572,41.58639426978582,265
d004/2024/2kv/kv_vopr9.csv,GR5,24770,43.699940016230904,237
d004/2024/2kv/kv_vopr9.csv,GR6,24766,43.6928831022194,52
d004/2024/2kv/kv_vopr9.csv,GR7,24778,43.71405384425391,304
d004/2024/2kv/kv_vopr9.csv,GR8,24757,43.67700504569352,17
d004/2024/2kv/kv_vopr9.csv,GR9,27334,48.22342189760418,1
d004/2024/2kv/kv_vopr9.csv,KVARTAL,0,0.0,1
d004/2024/2kv/kv_vopr9.csv,PRICE,25202,44.4620867294732,113
d004/2024/2kv/kv_vopr9.csv,GOD,0,0.0,1
d004/2024/2kv/kv_vopr9.csv,NOMER,0,0.0,11832
d004/2024/3kv/kv_vopr0.csv,TE,0,0.0,20
d004/2024/3kv/kv_vopr0.csv,K,0,0.0,2
d004/2024/3kv/kv_vopr0.csv,REZ,0,0.0,2
d004/2024/3kv/kv_vopr0.csv,KVARTAL,0,0.0,1
d004/2024/3kv/kv_vopr0.csv,GOD,0,0.0,1
d004/2024/3kv/kv_vopr0.csv,NOMER,0,0.0,12000
d004/2024/3kv/kv_vopr1.csv,TE,0,0.0,20
d004/2024/3kv/kv_vopr1.csv,K,0,0.0,2
d004/2024/3kv/kv_vopr1.csv,KODNU,0,0.0,387
d004/2024/3kv/kv_vopr1.csv,CELPOK,0,0.0,3
d004/2024/3kv/kv_vopr1.csv,STOIMK,0,0.0,3902
d004/2024/3kv/kv_vopr1.csv,KVARTAL,0,0.0,1
d004/2024/3kv/kv_vopr1.csv,PRIZ,294179,100.0,0
d004/2024/3kv/kv_vopr1.csv,GOD,0,0.0,1
d004/2024/3kv/kv_vopr1.csv,MESTPOK,0,0.0,5
d004/2024/3kv/kv_vopr1.csv,NOMER,0,0.0,11736
d004/2024/3kv/kv_vopr10.csv,TE,0,0.0,20
d004/2024/3kv/kv_vopr10.csv,K,0,0.0,2
d004/2024/3kv/kv_vopr10.csv,KODNU,0,0.0,25
d004/2024/3kv/kv_vopr10.csv,NOMVOPR,0,0.0,2
d004/2024/3kv/kv_vopr10.csv,NOMVNEW,0,0.0,2
d004/2024/3kv/kv_vopr10.csv,GR1,0,0.0,2022
d004/2024/3kv/kv_vopr10.csv,GR2,0,0.0,323
d004/2024/3kv/kv_vopr10.csv,GR3,829,5.7394073663805045,8
d004/2024/3kv/kv_vopr10.csv,GR4,814,5.635558017169759,3060
d004/2024/3kv/kv_vopr10.csv,KVARTAL,0,0.0,1
d004/2024/3kv/kv_vopr10.csv,GOD,0,0.0,1
d004/2024/3kv/kv_vopr10.csv,NOMER,0,0.0,6040
d004/2024/3kv/kv_vopr11.csv,TE,0,0.0,20
d004/2024/3kv/kv_vopr11.csv,K,0,0.0,2
d004/2024/3kv/kv_vopr11.csv,NOMP,0,0.0,9
d004/2024/3kv/kv_vopr11.csv,VOZ,0,0.0,98
d004/2024/3kv/kv_vopr11.csv,POL,0,0.0,2
d004/2024/3kv/kv_vopr11.csv,NOMVOPR,0,0.0,1
d004/2024/3kv/kv_vopr11.csv,NOMVNEW,0,0.0,1
d004/2024/3kv/kv_vopr11.csv,GR1,0,0.0,1034
d004/2024/3kv/kv_vopr11.csv,GR2,0,0.0,580
d004/2024/3kv/kv_vopr11.csv,GR3,0,0.0,382
d004/2024/3kv/kv_vopr11.csv,GR4,0,0.0,842
d004/2024/3kv/kv_vopr11.csv,GR5,0,0.0,130
d004/2024/3kv/kv_vopr11.csv,GR6,0,0.0,15
d004/2024/3kv/kv_vopr11.csv,GR7,0,0.0,3
d004/2024/3kv/kv_vopr11.csv,GR8,0,0.0,269
d004/2024/3kv/kv_vopr11.csv,GR9,0,0.0,213
d004/2024/3kv/kv_vopr11.csv,GR10,0,0.0,95
d004/2024/3kv/kv_vopr11.csv,GR11,0,0.0,49
d004/2024/3kv/kv_vopr11.csv,GR12,0,0.0,26
d004/2024/3kv/kv_vopr11.csv,GR13,0,0.0,147
d004/2024/3kv/kv_vopr11.csv,GR14,0,0.0,30
d004/2024/3kv/kv_vopr11.csv,GR15,0,0.0,2
d004/2024/3kv/kv_vopr11.csv,GR16,0,0.0,95
d004/2024/3kv/kv_vopr11.csv,GR17,0,0.0,4
d004/2024/3kv/kv_vopr11.csv,GR18,0,0.0,24
d004/2024/3kv/kv_vopr11.csv,GR19,0,0.0,25
d004/2024/3kv/kv_vopr11.csv,GR20,0,0.0,30
d004/2024/3kv/kv_vopr11.csv,GR21,0,0.0,10
d004/2024/3kv/kv_vopr11.csv,GR22,0,0.0,129
d004/2024/3kv/kv_vopr11.csv,GR23,0,0.0,76
d004/2024/3kv/kv_vopr11.csv,KVARTAL,0,0.0,1
d004/2024/3kv/kv_vopr11.csv,GOD,0,0.0,1
d004/2024/3kv/kv_vopr11.csv,NOMER,0,0.0,11678
d004/2024/3kv/kv_vopr12.csv,TE,0,0.0,20
d004/2024/3kv/kv_vopr12.csv,K,0,0.0,2
d004/2024/3kv/kv_vopr12.csv,KODNU,1567,25.558636437775238,6
d004/2024/3kv/kv_vopr12.csv,NOMVOPR,0,0.0,3
d004/2024/3kv/kv_vopr12.csv,NOMVNEW,0,0.0,3
d004/2024/3kv/kv_vopr12.csv,NOMOTV,2505,40.857935083999344,2
d004/2024/3kv/kv_vopr12.csv,KOD,4577,74.65340075028544,8
d004/2024/3kv/kv_vopr12.csv,STOIMK,931,15.185124775729896,817
d004/2024/3kv/kv_vopr12.csv,GR1,3378,55.097047789920076,1
d004/2024/3kv/kv_vopr12.csv,KVARTAL,0,0.0,1
d004/2024/3kv/kv_vopr12.csv,GOD,0,0.0,1
d004/2024/3kv/kv_vopr12.csv,NOMER,0,0.0,3819
d004/2024/3kv/kv_vopr2.csv,TE,0,0.0,20
d004/2024/3kv/kv_vopr2.csv,K,0,0.0,2
d004/2024/3kv/kv_vopr2.csv,KODNU,0,0.0,18
d004/2024/3kv/kv_vopr2.csv,NOMVOPR,0,0.0,1
d004/2024/3kv/kv_vopr2.csv,STOIMK,0,0.0,7072
d004/2024/3kv/kv_vopr2.csv,KVARTAL,0,0.0,1
d004/2024/3kv/kv_vopr2.csv,GOD,0,0.0,1
d004/2024/3kv/kv_vopr2.csv,TIME,5245,8.893749788042188,6
d004/2024/3kv/kv_vopr2.csv,NOMER,0,0.0,11740
d004/2024/3kv/kv_vopr3.csv,TE,0,0.0,20
d004/2024/3kv/kv_vopr3.csv,K,0,0.0,2
d004/2024/3kv/kv_vopr3.csv,KODNU,0,0.0,10
d004/2024/3kv/kv_vopr3.csv,NOMVOPR,0,0.0,1
d004/2024/3kv/kv_vopr3.csv,STOIMK,0,0.0,1443
d004/2024/3kv/kv_vopr3.csv,KVARTAL,0,0.0,1
d004/2024/3kv/kv_vopr3.csv,GOD,0,0.0,1
d004/2024/3kv/kv_vopr3.csv,NOMER,0,0.0,11727
d004/2024/3kv/kv_vopr4.csv,TE,0,0.0,20
d004/2024/3kv/kv_vopr4.csv,K,0,0.0,2
d004/2024/3kv/kv_vopr4.csv,KODNU,0,0.0,11
d004/2024/3kv/kv_vopr4.csv,NOMVOPR,0,0.0,1
d004/2024/3kv/kv_vopr4.csv,STOIMK,0,0.0,304
d004/2024/3kv/kv_vopr4.csv,KVARTAL,0,0.0,1
d004/2024/3kv/kv_vopr4.csv,GOD,0,0.0,1
d004/2024/3kv/kv_vopr4.csv,NOMER,0,0.0,1959
d004/2024/3kv/kv_vopr5.csv,TE,0,0.0,20
d004/2024/3kv/kv_vopr5.csv,K,0,0.0,2
d004/2024/3kv/kv_vopr5.csv,KODNU,0,0.0,12
d004/2024/3kv/kv_vopr5.csv,NOMVOPR,0,0.0,1
d004/2024/3kv/kv_vopr5.csv,STOIMK,0,0.0,306
d004/2024/3kv/kv_vopr5.csv,KVARTAL,0,0.0,1
d004/2024/3kv/kv_vopr5.csv,GOD,0,0.0,1
d004/2024/3kv/kv_vopr5.csv,NOMER,0,0.0,3223
d004/2024/3kv/kv_vopr6.csv,TE,0,0.0,20
d004/2024/3kv/kv_vopr6.csv,K,0,0.0,2
d004/2024/3kv/kv_vopr6.csv,KOD,46988,100.0,0
d004/2024/3kv/kv_vopr6.csv,KODNU,0,0.0,76
d004/2024/3kv/kv_vopr6.csv,NOMVOPR,0,0.0,3
d004/2024/3kv/kv_vopr6.csv,NOMOTV,19127,40.706137737294625,1
d004/2024/3kv/kv_vopr6.csv,STOIMK,0,0.0,1616
d004/2024/3kv/kv_vopr6.csv,KVARTAL,0,0.0,1
d004/2024/3kv/kv_vopr6.csv,GOD,0,0.0,1
d004/2024/3kv/kv_vopr6.csv,NOMER,0,0.0,11547
d004/2024/3kv/kv_vopr7.csv,TE,0,0.0,20
d004/2024/3kv/kv_vopr7.csv,K,0,0.0,2
d004/2024/3kv/kv_vopr7.csv,KODNU,0,0.0,15
d004/2024/3kv/kv_vopr7.csv,NOMVOPR,0,0.0,1
d004/2024/3kv/kv_vopr7.csv,STOIMK,0,0.0,970
d004/2024/3kv/kv_vopr7.csv,KVARTAL,0,0.0,1
d004/2024/3kv/kv_vopr7.csv,GOD,0,0.0,1
d004/2024/3kv/kv_vopr7.csv,NOMER,0,0.0,9859
d004/2024/3kv/kv_vopr9.csv,TE,0,0.0,20
d004/2024/3kv/kv_vopr9.csv,K,0,0.0,2
d004/2024/3kv/kv_vopr9.csv,KODNU,44269,68.6085797532701,50
d004/2024/3kv/kv_vopr9.csv,NOMVOPR,0,0.0,11
d004/2024/3kv/kv_vopr9.csv,NOMVNEW,0,0.0,11
d004/2024/3kv/kv_vopr9.csv,NOMOTV,13180,20.426507966028147,3
d004/2024/3kv/kv_vopr9.csv,EDIZ,47381,73.43159134585581,4
d004/2024/3kv/kv_vopr9.csv,GR1,21309,33.02492095964292,1034
d004/2024/3kv/kv_vopr9.csv,GR2,23232,36.005207364701505,392
d004/2024/3kv/kv_vopr9.csv,GR3,23245,36.02535490670139,123
d004/2024/3kv/kv_vopr9.csv,GR4,23236,36.01140660839378,336
d004/2024/3kv/kv_vopr9.csv,GR5,24381,37.785940115305934,292
d004/2024/3kv/kv_vopr9.csv,GR6,24366,37.76269295145992,70
d004/2024/3kv/kv_vopr9.csv,GR7,24387,37.79523898084434,347
d004/2024/3kv/kv_vopr9.csv,GR8,24335,37.71464881284483,73
d004/2024/3kv/kv_vopr9.csv,GR9,27234,42.207550678817185,1
d004/2024/3kv/kv_vopr9.csv,KVARTAL,0,0.0,1
d004/2024/3kv/kv_vopr9.csv,PRICE,24603,38.129998140226895,143
d004/2024/3kv/kv_vopr9.csv,GOD,0,0.0,1
d004/2024/3kv/kv_vopr9.csv,NOMER,0,0.0,11721
d004/2024/4kv/kv_vopr0.csv,TE,0,0.0,20
d004/2024/4kv/kv_vopr0.csv,K,0,0.0,2
d004/2024/4kv/kv_vopr0.csv,REZ,0,0.0,2
d004/2024/4kv/kv_vopr0.csv,KVARTAL,0,0.0,1
d004/2024/4kv/kv_vopr0.csv,GOD,0,0.0,1
d004/2024/4kv/kv_vopr0.csv,NOMER,0,0.0,12000
d004/2024/4kv/kv_vopr1.csv,TE,0,0.0,20
d004/2024/4kv/kv_vopr1.csv,K,0,0.0,2
d004/2024/4kv/kv_vopr1.csv,KODNU,0,0.0,392
d004/2024/4kv/kv_vopr1.csv,CELPOK,0,0.0,3
d004/2024/4kv/kv_vopr1.csv,STOIMK,0,0.0,4027
d004/2024/4kv/kv_vopr1.csv,KVARTAL,0,0.0,1
d004/2024/4kv/kv_vopr1.csv,PRIZ,264416,100.0,0
d004/2024/4kv/kv_vopr1.csv,GOD,0,0.0,1
d004/2024/4kv/kv_vopr1.csv,MESTPOK,0,0.0,5
d004/2024/4kv/kv_vopr1.csv,NOMER,0,0.0,11702
d004/2024/4kv/kv_vopr10.csv,TE,0,0.0,20
d004/2024/4kv/kv_vopr10.csv,K,0,0.0,2
d004/2024/4kv/kv_vopr10.csv,KODNU,0,0.0,25
d004/2024/4kv/kv_vopr10.csv,NOMVOPR,0,0.0,2
d004/2024/4kv/kv_vopr10.csv,NOMVNEW,0,0.0,2
d004/2024/4kv/kv_vopr10.csv,GR1,0,0.0,1285
d004/2024/4kv/kv_vopr10.csv,GR2,0,0.0,322
d004/2024/4kv/kv_vopr10.csv,GR3,878,10.574491147777913,1
d004/2024/4kv/kv_vopr10.csv,GR4,878,10.574491147777913,1817
d004/2024/4kv/kv_vopr10.csv,KVARTAL,0,0.0,1
d004/2024/4kv/kv_vopr10.csv,GOD,0,0.0,1
d004/2024/4kv/kv_vopr10.csv,NOMER,0,0.0,4826
d004/2024/4kv/kv_vopr11.csv,TE,0,0.0,20
d004/2024/4kv/kv_vopr11.csv,K,0,0.0,2
d004/2024/4kv/kv_vopr11.csv,NOMP,0,0.0,9
d004/2024/4kv/kv_vopr11.csv,VOZ,0,0.0,97
d004/2024/4kv/kv_vopr11.csv,POL,0,0.0,2
d004/2024/4kv/kv_vopr11.csv,NOMVOPR,0,0.0,1
d004/2024/4kv/kv_vopr11.csv,NOMVNEW,0,0.0,1
d004/2024/4kv/kv_vopr11.csv,GR1,0,0.0,1078
d004/2024/4kv/kv_vopr11.csv,GR2,0,0.0,428
d004/2024/4kv/kv_vopr11.csv,GR3,0,0.0,270
d004/2024/4kv/kv_vopr11.csv,GR4,0,0.0,866
d004/2024/4kv/kv_vopr11.csv,GR5,0,0.0,93
d004/2024/4kv/kv_vopr11.csv,GR6,0,0.0,16
d004/2024/4kv/kv_vopr11.csv,GR7,0,0.0,4
d004/2024/4kv/kv_vopr11.csv,GR8,0,0.0,271
d004/2024/4kv/kv_vopr11.csv,GR9,0,0.0,209
d004/2024/4kv/kv_vopr11.csv,GR10,0,0.0,97
d004/2024/4kv/kv_vopr11.csv,GR11,0,0.0,36
d004/2024/4kv/kv_vopr11.csv,GR12,0,0.0,20
d004/2024/4kv/kv_vopr11.csv,GR13,0,0.0,134
d004/2024/4kv/kv_vopr11.csv,GR14,0,0.0,29
d004/2024/4kv/kv_vopr11.csv,GR15,0,0.0,6
d004/2024/4kv/kv_vopr11.csv,GR16,0,0.0,92
d004/2024/4kv/kv_vopr11.csv,GR17,0,0.0,1
d004/2024/4kv/kv_vopr11.csv,GR18,0,0.0,23
d004/2024/4kv/kv_vopr11.csv,GR19,0,0.0,30
d004/2024/4kv/kv_vopr11.csv,GR20,0,0.0,27
d004/2024/4kv/kv_vopr11.csv,GR21,0,0.0,35
d004/2024/4kv/kv_vopr11.csv,GR22,0,0.0,159
d004/2024/4kv/kv_vopr11.csv,GR23,0,0.0,87
d004/2024/4kv/kv_vopr11.csv,KVARTAL,0,0.0,1
d004/2024/4kv/kv_vopr11.csv,GOD,0,0.0,1
d004/2024/4kv/kv_vopr11.csv,NOMER,0,0.0,11641
d004/2024/4kv/kv_vopr12.csv,TE,0,0.0,20
d004/2024/4kv/kv_vopr12.csv,K,0,0.0,2
d004/2024/4kv/kv_vopr12.csv,KODNU,1291,23.008376403493138,6
d004/2024/4kv/kv_vopr12.csv,NOMVOPR,0,0.0,3
d004/2024/4kv/kv_vopr12.csv,NOMVNEW,0,0.0,3
d004/2024/4kv/kv_vopr12.csv,NOMOTV,2585,46.070219212261634,2
d004/2024/4kv/kv_vopr12.csv,KOD,4325,77.08073427196578,8
d004/2024/4kv/kv_vopr12.csv,STOIMK,882,15.719123150953484,767
d004/2024/4kv/kv_vopr12.csv,GR1,3454,61.55765460702192,1
d004/2024/4kv/kv_vopr12.csv,KVARTAL,0,0.0,1
d004/2024/4kv/kv_vopr12.csv,GOD,0,0.0,1
d004/2024/4kv/kv_vopr12.csv,NOMER,0,0.0,3559
d004/2024/4kv/kv_vopr2.csv,TE,0,0.0,20
d004/2024/4kv/kv_vopr2.csv,K,0,0.0,2
d004/2024/4kv/kv_vopr2.csv,KODNU,0,0.0,19
d004/2024/4kv/kv_vopr2.csv,NOMVOPR,0,0.0,1
d004/2024/4kv/kv_vopr2.csv,STOIMK,0,0.0,7999
d004/2024/4kv/kv_vopr2.csv,KVARTAL,0,0.0,1
d004/2024/4kv/kv_vopr2.csv,GOD,0,0.0,1
d004/2024/4kv/kv_vopr2.csv,TIME,4488,6.966672358392449,6
d004/2024/4kv/kv_vopr2.csv,NOMER,0,0.0,11704
d004/2024/4kv/kv_vopr3.csv,TE,0,0.0,20
d004/2024/4kv/kv_vopr3.csv,K,0,0.0,2
d004/2024/4kv/kv_vopr3.csv,KODNU,0,0.0,11
d004/2024/4kv/kv_vopr3.csv,NOMVOPR,0,0.0,1
d004/2024/4kv/kv_vopr3.csv,STOIMK,0,0.0,1391
d004/2024/4kv/kv_vopr3.csv,KVARTAL,0,0.0,1
d004/2024/4kv/kv_vopr3.csv,GOD,0,0.0,1
d004/2024/4kv/kv_vopr3.csv,NOMER,0,0.0,11691
d004/2024/4kv/kv_vopr4.csv,TE,0,0.0,20
d004/2024/4kv/kv_vopr4.csv,K,0,0.0,2
d004/2024/4kv/kv_vopr4.csv,KODNU,0,0.0,11
d004/2024/4kv/kv_vopr4.csv,NOMVOPR,0,0.0,1
d004/2024/4kv/kv_vopr4.csv,STOIMK,0,0.0,342
d004/2024/4kv/kv_vopr4.csv,KVARTAL,0,0.0,1
d004/2024/4kv/kv_vopr4.csv,GOD,0,0.0,1
d004/2024/4kv/kv_vopr4.csv,NOMER,0,0.0,2163
d004/2024/4kv/kv_vopr5.csv,TE,0,0.0,20
d004/2024/4kv/kv_vopr5.csv,K,0,0.0,2
d004/2024/4kv/kv_vopr5.csv,KODNU,0,0.0,12
d004/2024/4kv/kv_vopr5.csv,NOMVOPR,0,0.0,1
d004/2024/4kv/kv_vopr5.csv,STOIMK,0,0.0,299
d004/2024/4kv/kv_vopr5.csv,KVARTAL,0,0.0,1
d004/2024/4kv/kv_vopr5.csv,GOD,0,0.0,1
d004/2024/4kv/kv_vopr5.csv,NOMER,0,0.0,3173
d004/2024/4kv/kv_vopr6.csv,TE,0,0.0,20
d004/2024/4kv/kv_vopr6.csv,K,0,0.0,2
d004/2024/4kv/kv_vopr6.csv,KOD,43394,100.0,0
d004/2024/4kv/kv_vopr6.csv,KODNU,0,0.0,75
d004/2024/4kv/kv_vopr6.csv,NOMVOPR,0,0.0,3
d004/2024/4kv/kv_vopr6.csv,NOMOTV,19798,45.6238189611467,1
d004/2024/4kv/kv_vopr6.csv,STOIMK,0,0.0,1027
d004/2024/4kv/kv_vopr6.csv,KVARTAL,0,0.0,1
d004/2024/4kv/kv_vopr6.csv,GOD,0,0.0,1
d004/2024/4kv/kv_vopr6.csv,NOMER,0,0.0,11432
d004/2024/4kv/kv_vopr7.csv,TE,0,0.0,20
d004/2024/4kv/kv_vopr7.csv,K,0,0.0,2
d004/2024/4kv/kv_vopr7.csv,KODNU,0,0.0,14
d004/2024/4kv/kv_vopr7.csv,NOMVOPR,0,0.0,1
d004/2024/4kv/kv_vopr7.csv,STOIMK,0,0.0,882
d004/2024/4kv/kv_vopr7.csv,KVARTAL,0,0.0,1
d004/2024/4kv/kv_vopr7.csv,GOD,0,0.0,1
d004/2024/4kv/kv_vopr7.csv,NOMER,0,0.0,9867
d004/2024/4kv/kv_vopr9.csv,TE,0,0.0,20
d004/2024/4kv/kv_vopr9.csv,K,0,0.0,2
d004/2024/4kv/kv_vopr9.csv,KODNU,42735,86.61329550060802,35
d004/2024/4kv/kv_vopr9.csv,NOMVOPR,0,0.0,11
d004/2024/4kv/kv_vopr9.csv,NOMVNEW,0,0.0,11
d004/2024/4kv/kv_vopr9.csv,NOMOTV,4139,8.388731252533441,3
d004/2024/4kv/kv_vopr9.csv,EDIZ,44660,90.51479529793272,3
d004/2024/4kv/kv_vopr9.csv,GR1,21505,43.58532630725578,687
d004/2024/4kv/kv_vopr9.csv,GR2,22740,46.08836643696797,287
d004/2024/4kv/kv_vopr9.csv,GR3,22550,45.70328334008918,78
d004/2024/4kv/kv_vopr9.csv,GR4,22715,46.037697608431294,245
d004/2024/4kv/kv_vopr9.csv,GR5,23502,47.63275233076612,173
d004/2024/4kv/kv_vopr9.csv,GR6,23531,47.69152817186867,19
d004/2024/4kv/kv_vopr9.csv,GR7,23488,47.60437778678557,260
d004/2024/4kv/kv_vopr9.csv,GR8,23481,47.5901905147953,22
d004/2024/4kv/kv_vopr9.csv,GR9,26284,53.27117957032833,4
d004/2024/4kv/kv_vopr9.csv,KVARTAL,0,0.0,1
d004/2024/4kv/kv_vopr9.csv,PRICE,23520,47.66923388731252,95
d004/2024/4kv/kv_vopr9.csv,GOD,0,0.0,1
d004/2024/4kv/kv_vopr9.csv,NOMER,0,0.0,11688
d006/2024/rio_2024.csv,TE,0,0.0,20
d006/2024/rio_2024.csv,K,0,0.0,2
d006/2024/rio_2024.csv,TIP_J,0,0.0,5
d006/2024/rio_2024.csv,VLAD1,0,0.0,7
d006/2024/rio_2024.csv,J_PL,0,0.0,173
d006/2024/rio_2024.csv,KOL_K,0,0.0,15
d006/2024/rio_2024.csv,OB_PL,0,0.0,216
d006/2024/rio_2024.csv,U1,0,0.0,1
d006/2024/rio_2024.csv,U2,0,0.0,2
d006/2024/rio_2024.csv,U3,0,0.0,2
d006/2024/rio_2024.csv,U4,0,0.0,2
d006/2024/rio_2024.csv,U5,0,0.0,2
d006/2024/rio_2024.csv,U6,0,0.0,2
d006/2024/rio_2024.csv,U7,0,0.0,2
d006/2024/rio_2024.csv,U8,0,0.0,2
d006/2024/rio_2024.csv,U9,0,0.0,2
d006/2024/rio_2024.csv,U10,0,0.0,1
d006/2024/rio_2024.csv,U11,0,0.0,1
d006/2024/rio_2024.csv,U12,0,0.0,1
d006/2024/rio_2024.csv,U13,0,0.0,1
d006/2024/rio_2024.csv,U14,0,0.0,2
d006/2024/rio_2024.csv,U15,0,0.0,2
d006/2024/rio_2024.csv,U16,0,0.0,2
d006/2024/rio_2024.csv,U17,0,0.0,2
d006/2024/rio_2024.csv,U18,0,0.0,2
d006/2024/rio_2024.csv,U19,0,0.0,2
d006/2024/rio_2024.csv,U20,0,0.0,2
d006/2024/rio_2024.csv,U21,0,0.0,2
d006/2024/rio_2024.csv,U22,0,0.0,2
d006/2024/rio_2024.csv,U23,0,0.0,1
d006/2024/rio_2024.csv,U24,0,0.0,2
d006/2024/rio_2024.csv,U25,0,0.0,2
d006/2024/rio_2024.csv,U26,0,0.0,2
d006/2024/rio_2024.csv,U27,0,0.0,2
d006/2024/rio_2024.csv,U28,0,0.0,2
d006/2024/rio_2024.csv,U29,0,0.0,2
d006/2024/rio_2024.csv,U30,0,0.0,2
d006/2024/rio_2024.csv,U31,0,0.0,2
d006/2024/rio_2024.csv,U32,0,0.0,2
d006/2024/rio_2024.csv,U33,0,0.0,2
d006/2024/rio_2024.csv,U34,1,0.008544087491455913,2
d006/2024/rio_2024.csv,U35,0,0.0,2
d006/2024/rio_2024.csv,U36,0,0.0,2
d006/2024/rio_2024.csv,U37,0,0.0,2
d006/2024/rio_2024.csv,U38,0,0.0,2
d006/2024/rio_2024.csv,U39,0,0.0,2
d006/2024/rio_2024.csv,U40,0,0.0,2
d006/2024/rio_2024.csv,U41,0,0.0,2
d006/2024/rio_2024.csv,U42,0,0.0,2
d006/2024/rio_2024.csv,TIPNJ1,0,0.0,2
d006/2024/rio_2024.csv,KOLNJ1,11646,99.50444292549557,2
d006/2024/rio_2024.csv,ISPNJ1,11646,99.50444292549557,4
d006/2024/rio_2024.csv,TIPNJ2,0,0.0,2
d006/2024/rio_2024.csv,KOLNJ2,11704,100.0,0
d006/2024/rio_2024.csv,ISPNJ2,11702,99.98291182501708,1
d006/2024/rio_2024.csv,TIPNJ3,0,0.0,2
d006/2024/rio_2024.csv,KOLNJ3,11686,99.8462064251538,2
d006/2024/rio_2024.csv,ISPNJ3,11686,99.8462064251538,4
d006/2024/rio_2024.csv,TIPNJ4,0,0.0,2
d006/2024/rio_2024.csv,KOLNJ4,11651,99.54716336295284,2
d006/2024/rio_2024.csv,ISPNJ4,11651,99.54716336295284,4
d006/2024/rio_2024.csv,TIPNJ5,0,0.0,1
d006/2024/rio_2024.csv,KOLNJ5,11704,100.0,0
d006/2024/rio_2024.csv,ISPNJ5,11704,100.0,0
d006/2024/rio_2024.csv,TIPNJ6,0,0.0,2
d006/2024/rio_2024.csv,KOLNJ6,11633,99.39336978810664,1
d006/2024/rio_2024.csv,ISPNJ6,11633,99.39336978810664,3
d006/2024/rio_2024.csv,TIPNJ7,0,0.0,2
d006/2024/rio_2024.csv,KOLNJ7,11703,99.99145591250854,1
d006/2024/rio_2024.csv,ISPNJ7,11702,99.98291182501708,1
d006/2024/rio_2024.csv,ZEM,0,0.0,2
d006/2024/rio_2024.csv,NOMP1,6395,54.639439507860565,4
d006/2024/rio_2024.csv,POL1,6421,54.861585782638414,2
d006/2024/rio_2024.csv,VOZ1,261,2.230006835269993,72
d006/2024/rio_2024.csv,KOL_UCH1,6485,55.408407382091596,5
d006/2024/rio_2024.csv,UCH_PL1,6477,55.340054682159945,157
d006/2024/rio_2024.csv,UCH_FS1_1,6539,55.86978810663021,2
d006/2024/rio_2024.csv,UCH_FS1_2,11419,97.56493506493507,2
d006/2024/rio_2024.csv,UCH_FS1_3,11686,99.8462064251538,2
d006/2024/rio_2024.csv,UCH_FS1_4,11698,99.94873547505127,1
d006/2024/rio_2024.csv,UCH_ISP1_1,11473,98.02631578947368,1
d006/2024/rio_2024.csv,UCH_ISP1_2,9160,78.26384142173616,2
d006/2024/rio_2024.csv,UCH_ISP1_3,10164,86.8421052631579,2
d006/2024/rio_2024.csv,UCH_ISP1_4,11627,99.3421052631579,2
d006/2024/rio_2024.csv,UCH_ISP1_5,11532,98.53041695146958,2
d006/2024/rio_2024.csv,UCH_ISP1_6,10880,92.95967190704033,2
d006/2024/rio_2024.csv,UCH_ISP1_7,11451,97.83834586466166,1
d006/2024/rio_2024.csv,NOMP2,10098,86.2781954887218,3
d006/2024/rio_2024.csv,POL2,10124,86.50034176349965,2
d006/2024/rio_2024.csv,VOZ2,1798,15.36226930963773,67
d006/2024/rio_2024.csv,KOL_UCH2,10873,92.89986329460014,4
d006/2024/rio_2024.csv,UCH_PL2,10872,92.89131920710868,57
d006/2024/rio_2024.csv,UCH_FS2_1,10928,93.36978810663021,3
d006/2024/rio_2024.csv,UCH_FS2_2,11621,99.29084073820917,2
d006/2024/rio_2024.csv,UCH_FS2_3,11704,100.0,0
d006/2024/rio_2024.csv,UCH_FS2_4,11699,99.95727956254272,1
d006/2024/rio_2024.csv,UCH_ISP2_1,11689,99.87183868762816,1
d006/2024/rio_2024.csv,UCH_ISP2_2,11278,96.36021872863978,2
d006/2024/rio_2024.csv,UCH_ISP2_3,11508,98.32535885167464,1
d006/2024/rio_2024.csv,UCH_ISP2_4,11686,99.8462064251538,1
d006/2024/rio_2024.csv,UCH_ISP2_5,11664,99.65823650034177,2
d006/2024/rio_2024.csv,UCH_ISP2_6,11565,98.81237183868762,1
d006/2024/rio_2024.csv,UCH_ISP2_7,11687,99.85475051264525,1
d006/2024/rio_2024.csv,NOMP3,11055,94.45488721804512,6
d006/2024/rio_2024.csv,POL3,11079,94.65994531784006,2
d006/2024/rio_2024.csv,VOZ3,5547,47.39405331510594,64
d006/2024/rio_2024.csv,KOL_UCH3,11515,98.38516746411483,2
d006/2024/rio_2024.csv,UCH_PL3,11515,98.38516746411483,23
d006/2024/rio_2024.csv,UCH_FS3_1,11520,98.4278879015721,2
d006/2024/rio_2024.csv,UCH_FS3_2,11691,99.88892686261107,1
d006/2024/rio_2024.csv,UCH_FS3_3,11704,100.0,0
d006/2024/rio_2024.csv,UCH_FS3_4,11704,100.0,0
d006/2024/rio_2024.csv,UCH_ISP3_1,11695,99.92310321257689,1
d006/2024/rio_2024.csv,UCH_ISP3_2,11591,99.03451811346548,1
d006/2024/rio_2024.csv,UCH_ISP3_3,11689,99.87183868762816,1
d006/2024/rio_2024.csv,UCH_ISP3_4,11688,99.86329460013671,1
d006/2024/rio_2024.csv,UCH_ISP3_5,11704,100.0,0
d006/2024/rio_2024.csv,UCH_ISP3_6,11676,99.76076555023924,1
d006/2024/rio_2024.csv,UCH_ISP3_7,11702,99.98291182501708,1
d006/2024/rio_2024.csv,NOMP4,11440,97.74436090225564,6
d006/2024/rio_2024.csv,POL4,11440,97.74436090225564,2
d006/2024/rio_2024.csv,VOZ4,7196,61.48325358851675,37
d006/2024/rio_2024.csv,KOL_UCH4,11639,99.44463431305537,1
d006/2024/rio_2024.csv,UCH_PL4,11645,99.49589883800411,7
d006/2024/rio_2024.csv,UCH_FS4_1,11652,99.5557074504443,1
d006/2024/rio_2024.csv,UCH_FS4_2,11704,100.0,0
d006/2024/rio_2024.csv,UCH_FS4_3,11704,100.0,0
d006/2024/rio_2024.csv,UCH_FS4_4,11704,100.0,0
d006/2024/rio_2024.csv,UCH_ISP4_1,11700,99.96582365003418,1
d006/2024/rio_2024.csv,UCH_ISP4_2,11665,99.66678058783322,1
d006/2024/rio_2024.csv,UCH_ISP4_3,11702,99.98291182501708,1
d006/2024/rio_2024.csv,UCH_ISP4_4,11704,100.0,0
d006/2024/rio_2024.csv,UCH_ISP4_5,11704,100.0,0
d006/2024/rio_2024.csv,UCH_ISP4_6,11688,99.86329460013671,1
d006/2024/rio_2024.csv,UCH_ISP4_7,11704,100.0,0
d006/2024/rio_2024.csv,NOMP5,11638,99.43609022556392,5
d006/2024/rio_2024.csv,POL5,11638,99.43609022556392,2
d006/2024/rio_2024.csv,VOZ5,7662,65.46479835953521,20
d006/2024/rio_2024.csv,KOL_UCH5,11686,99.8462064251538,1
d006/2024/rio_2024.csv,UCH_PL5,11685,99.83766233766234,4
d006/2024/rio_2024.csv,UCH_FS5_1,11688,99.86329460013671,1
d006/2024/rio_2024.csv,UCH_FS5_2,11703,99.99145591250854,1
d006/2024/rio_2024.csv,UCH_FS5_3,11704,100.0,0
d006/2024/rio_2024.csv,UCH_FS5_4,11704,100.0,0
d006/2024/rio_2024.csv,UCH_ISP5_1,11704,100.0,0
d006/2024/rio_2024.csv,UCH_ISP5_2,11693,99.90601503759399,1
d006/2024/rio_2024.csv,UCH_ISP5_3,11704,100.0,0
d006/2024/rio_2024.csv,UCH_ISP5_4,11704,100.0,0
d006/2024/rio_2024.csv,UCH_ISP5_5,11704,100.0,0
d006/2024/rio_2024.csv,UCH_ISP5_6,11703,99.99145591250854,1
d006/2024/rio_2024.csv,UCH_ISP5_7,11704,100.0,0
d006/2024/rio_2024.csv,NOMP6,11674,99.74367737525633,4
d006/2024/rio_2024.csv,POL6,11679,99.7863978127136,2
d006/2024/rio_2024.csv,VOZ6,7804,66.67805878332193,11
d006/2024/rio_2024.csv,KOL_UCH6,11699,99.95727956254272,1
d006/2024/rio_2024.csv,UCH_PL6,11700,99.96582365003418,2
d006/2024/rio_2024.csv,UCH_FS6_1,11704,100.0,0
d006/2024/rio_2024.csv,UCH_FS6_2,11704,100.0,0
d006/2024/rio_2024.csv,UCH_FS6_3,11704,100.0,0
d006/2024/rio_2024.csv,UCH_FS6_4,11704,100.0,0
d006/2024/rio_2024.csv,UCH_ISP6_1,11704,100.0,0
d006/2024/rio_2024.csv,UCH_ISP6_2,11701,99.97436773752563,1
d006/2024/rio_2024.csv,UCH_ISP6_3,11704,100.0,0
d006/2024/rio_2024.csv,UCH_ISP6_4,11704,100.0,0
d006/2024/rio_2024.csv,UCH_ISP6_5,11704,100.0,0
d006/2024/rio_2024.csv,UCH_ISP6_6,11702,99.98291182501708,1
d006/2024/rio_2024.csv,UCH_ISP6_7,11704,100.0,0
d006/2024/rio_2024.csv,NOMP7,11698,99.94873547505127,3
d006/2024/rio_2024.csv,POL7,11699,99.95727956254272,2
d006/2024/rio_2024.csv,VOZ7,7856,67.12235133287766,5
d006/2024/rio_2024.csv,KOL_UCH7,11704,100.0,0
d006/2024/rio_2024.csv,UCH_PL7,11704,100.0,0
d006/2024/rio_2024.csv,UCH_FS7_1,11704,100.0,0
d006/2024/rio_2024.csv,UCH_FS7_2,11704,100.0,0
d006/2024/rio_2024.csv,UCH_FS7_3,11704,100.0,0
d006/2024/rio_2024.csv,UCH_FS7_4,11704,100.0,0
d006/2024/rio_2024.csv,UCH_ISP7_1,11704,100.0,0
d006/2024/rio_2024.csv,UCH_ISP7_2,11704,100.0,0
d006/2024/rio_2024.csv,UCH_ISP7_3,11704,100.0,0
d006/2024/rio_2024.csv,UCH_ISP7_4,11704,100.0,0
d006/2024/rio_2024.csv,UCH_ISP7_5,11704,100.0,0
d006/2024/rio_2024.csv,UCH_ISP7_6,11704,100.0,0
d006/2024/rio_2024.csv,UCH_ISP7_7,11704,100.0,0
d006/2024/rio_2024.csv,NOMP8,11702,99.98291182501708,2
d006/2024/rio_2024.csv,POL8,11704,100.0,0
d006/2024/rio_2024.csv,VOZ8,7849,67.06254272043746,2
d006/2024/rio_2024.csv,KOL_UCH8,11704,100.0,0
d006/2024/rio_2024.csv,UCH_PL8,11704,100.0,0
d006/2024/rio_2024.csv,UCH_FS8_1,11704,100.0,0
d006/2024/rio_2024.csv,UCH_FS8_2,11704,100.0,0
d006/2024/rio_2024.csv,UCH_FS8_3,11704,100.0,0
d006/2024/rio_2024.csv,UCH_FS8_4,11704,100.0,0
d006/2024/rio_2024.csv,UCH_ISP8_1,11704,100.0,0
d006/2024/rio_2024.csv,UCH_ISP8_2,11704,100.0,0
d006/2024/rio_2024.csv,UCH_ISP8_3,11704,100.0,0
d006/2024/rio_2024.csv,UCH_ISP8_4,11704,100.0,0
d006/2024/rio_2024.csv,UCH_ISP8_5,11704,100.0,0
d006/2024/rio_2024.csv,UCH_ISP8_6,11704,100.0,0
d006/2024/rio_2024.csv,UCH_ISP8_7,11704,100.0,0
d006/2024/rio_2024.csv,TDP1,15,0.1281613123718387,4
d006/2024/rio_2024.csv,TDP2,11345,96.93267259056732,3
d006/2024/rio_2024.csv,TDP3,11221,95.8732057416268,3
d006/2024/rio_2024.csv,TDP4,10496,89.67874231032125,3
d006/2024/rio_2024.csv,TDP5,7389,63.13226247436774,3
d006/2024/rio_2024.csv,TDP6,11469,97.99213943950787,4
d006/2024/rio_2024.csv,TDP7,11313,96.65926179084073,3
d006/2024/rio_2024.csv,TDP8,11041,94.33526999316473,3
d006/2024/rio_2024.csv,TDP9,11533,98.53896103896103,3
d006/2024/rio_2024.csv,TDP10,5644,48.22282980177717,4
d006/2024/rio_2024.csv,TDP11,9114,77.8708133971292,5
d006/2024/rio_2024.csv,TDP12,11165,95.39473684210526,3
d006/2024/rio_2024.csv,TDP13,3,0.02563226247436774,2
d006/2024/rio_2024.csv,TDP14,5814,49.67532467532468,4
d006/2024/rio_2024.csv,TDP15,308,2.631578947368421,3
d006/2024/rio_2024.csv,TDP16,11054,94.44634313055366,3
d006/2024/rio_2024.csv,TDP17,8899,76.03383458646617,4
d006/2024/rio_2024.csv,TDP18,1820,15.550239234449762,3
d006/2024/rio_2024.csv,TDP19,549,4.690704032809296,2
d006/2024/rio_2024.csv,TDP20,0,0.0,3
d006/2024/rio_2024.csv,TDP21,7740,66.13123718386876,4
d006/2024/rio_2024.csv,TDP22,8507,72.68455228981546,4
d006/2024/rio_2024.csv,TDP23,9209,78.6825017088175,4
d006/2024/rio_2024.csv,TDP24,10393,88.7987012987013,7
d006/2024/rio_2024.csv,TDP25,9524,81.37388926862612,6
d006/2024/rio_2024.csv,TDP26,11426,97.62474367737526,3
d006/2024/rio_2024.csv,TDP27,8096,69.17293233082707,7
d006/2024/rio_2024.csv,TDP28,3,0.02563226247436774,10
d006/2024/rio_2024.csv,TDP29,4565,39.00375939849624,6
d006/2024/rio_2024.csv,TDP30,1214,10.372522214627477,4
d006/2024/rio_2024.csv,TDP31,1913,16.34483937115516,6
d006/2024/rio_2024.csv,TDP32,528,4.511278195488721,4
d006/2024/rio_2024.csv,TDP33,11010,94.0704032809296,8
d006/2024/rio_2024.csv,TDP34,338,2.8879015721120984,14
d006/2024/rio_2024.csv,TDP35,7932,67.7717019822283,21
d006/2024/rio_2024.csv,TDP36,7571,64.68728639781271,5
d006/2024/rio_2024.csv,TDP37,11367,97.12064251537936,4
d006/2024/rio_2024.csv,TDP38,11275,96.33458646616542,3
d006/2024/rio_2024.csv,TDP39,11362,97.07792207792207,3
d006/2024/rio_2024.csv,TDP40,9493,81.10902255639097,5
d006/2024/rio_2024.csv,TDP41,11516,98.39371155160629,3
d006/2024/rio_2024.csv,TDP42,11476,98.05194805194806,3
d006/2024/rio_2024.csv,TDP43,10943,93.49794941900204,3
d006/2024/rio_2024.csv,TDP44,10132,86.5686944634313,3
d006/2024/rio_2024.csv,TDP45,11501,98.26555023923444,3
d006/2024/rio_2024.csv,TDP46,11571,98.86363636363636,4
d006/2024/rio_2024.csv,ZT,0,0.0,5
d006/2024/rio_2024.csv,NOMER,0,0.0,11704
d008/2024/kontr_k.csv,TE,0,0.0,20
d008/2024/kontr_k.csv,K,0,0.0,2
d008/2024/kontr_k.csv,KOL_CHL,0,0.0,12
d008/2024/kontr_k.csv,NOMP,0,0.0,12
d008/2024/kontr_k.csv,RODSTVO,0,0.0,9
d008/2024/kontr_k.csv,GOD_ROJD,0,0.0,98
d008/2024/kontr_k.csv,MES_ROJD,0,0.0,12
d008/2024/kontr_k.csv,POL,0,0.0,2
d008/2024/kontr_k.csv,ROST,0,0.0,157
d008/2024/kontr_k.csv,SEM_POL,13222,31.615695464001337,4
d008/2024/kontr_k.csv,UROV,686,1.640324239018675,7
d008/2024/kontr_k.csv,VR_OTS,41504,99.24200760383539,4
d008/2024/kontr_k.csv,IZM_SOST,0,0.0,2
d008/2024/kontr_k.csv,PR_IZA,41220,98.56292293345449,11
d008/2024/kontr_k.csv,PR_IZI,40853,97.68537337701156,14
d008/2024/kontr_k.csv,PR_IZO,40315,96.39893833241673,16
d008/2024/kontr_k.csv,PR_IZYA,40018,95.68876880036345,13
d008/2024/kontr_k.csv,STATUS,12726,30.429688434040315,10
d008/2024/kontr_k.csv,STATUSF,40478,96.78869467492407,1
d008/2024/kontr_k.csv,IZM_STATUS,0,0.0,2
d008/2024/kontr_k.csv,STATUS1,12523,29.944286363310297,10
d008/2024/kontr_k.csv,STATUSF1,40466,96.76000095645728,1
d008/2024/kontr_k.csv,STATUS2,12619,30.17383611104469,8
d008/2024/kontr_k.csv,STATUSF2,40402,96.60696779130103,1
d008/2024/kontr_k.csv,STATUS3,12669,30.293393271323023,8
d008/2024/kontr_k.csv,STATUSF3,40392,96.58305635924536,1
d008/2024/kontr_k.csv,STATUS4,12547,30.001673800243893,8
d008/2024/kontr_k.csv,STATUSF4,40442,96.70261351952368,1
d008/2024/kontr_k.csv,ZT,41821,100.0,0
d008/2024/kontr_k.csv,GOD,0,0.0,1
d008/2024/kontr_k.csv,FIZ,1412,3.376294206260013,4
d008/2024/kontr_k.csv,FIZM,35281,84.36192343559455,3
d008/2024/kontr_k.csv,FIZCH,35227,84.23280170249396,8
d008/2024/kontr_k.csv,FIZMIN,0,0.0,26
d008/2024/kontr_k.csv,NOMER,0,0.0,12000
