table,unique_keys,unmatched_keys,te_disagreements,k_disagreements
d002/2024/ocenka.csv,11931,0,0,0
d002/2024/subject.csv,11931,0,0,0
d004/2024/1kv/kv_vopr0.csv,12000,0,0,0
d004/2024/1kv/kv_vopr1.csv,11958,0,0,0
d004/2024/1kv/kv_vopr10.csv,5003,0,0,0
d004/2024/1kv/kv_vopr11.csv,11913,0,0,0
d004/2024/1kv/kv_vopr12.csv,4235,0,0,0
d004/2024/1kv/kv_vopr2.csv,11958,0,0,0
d004/2024/1kv/kv_vopr3.csv,11957,0,0,0
d004/2024/1kv/kv_vopr4.csv,2381,0,0,0
d004/2024/1kv/kv_vopr5.csv,3394,0,0,0
d004/2024/1kv/kv_vopr6.csv,11645,0,0,0
d004/2024/1kv/kv_vopr7.csv,9949,0,0,0
d004/2024/1kv/kv_vopr9.csv,11956,0,0,0
d004/2024/2kv/kv_vopr0.csv,12000,0,0,0
d004/2024/2kv/kv_vopr1.csv,11842,0,0,0
d004/2024/2kv/kv_vopr10.csv,5113,0,0,0
d004/2024/2kv/kv_vopr11.csv,11798,0,0,0
d004/2024/2kv/kv_vopr12.csv,3900,0,0,0
d004/2024/2kv/kv_vopr2.csv,11845,0,0,0
d004/2024/2kv/kv_vopr3.csv,11845,0,0,0
d004/2024/2kv/kv_vopr4.csv,2139,0,0,0
d004/2024/2kv/kv_vopr5.csv,3473,0,0,0
d004/2024/2kv/kv_vopr6.csv,11619,0,0,0
d004/2024/2kv/kv_vopr7.csv,9939,0,0,0
d004/2024/2kv/kv_vopr9.csv,11832,0,0,0
d004/2024/3kv/kv_vopr0.csv,12000,0,0,0
d004/2024/3kv/kv_vopr1.csv,11736,0,0,0
d004/2024/3kv/kv_vopr10.csv,6040,0,0,0
d004/2024/3kv/kv_vopr11.csv,11678,0,0,0
d004/2024/3kv/kv_vopr12.csv,3819,0,0,0
d004/2024/3kv/kv_vopr2.csv,11740,0,0,0
d004/2024/3kv/kv_vopr3.csv,11727,0,0,0
d004/2024/3kv/kv_vopr4.csv,1959,0,0,0
d004/2024/3kv/kv_vopr5.csv,3223,0,0,0
d004/2024/3kv/kv_vopr6.csv,11547,0,0,0
d004/2024/3kv/kv_vopr7.csv,9859,0,0,0
d004/2024/3kv/kv_vopr9.csv,11721,0,0,0
d004/2024/4kv/kv_vopr0.csv,12000,0,0,0
d004/2024/4kv/kv_vopr1.csv,11702,0,0,0
d004/2024/4kv/kv_vopr10.csv,4826,0,0,0
d004/2024/4kv/kv_vopr11.csv,11641,0,0,0
d004/2024/4kv/kv_vopr12.csv,3559,0,0,0
d004/2024/4kv/kv_vopr2.csv,11704,0,0,0
d004/2024/4kv/kv_vopr3.csv,11691,0,0,0
d004/2024/4kv/kv_vopr4.csv,2163,0,0,0
d004/2024/4kv/kv_vopr5.csv,3173,0,0,0
d004/2024/4kv/kv_vopr6.csv,11432,0,0,0
d004/2024/4kv/kv_vopr7.csv,9867,0,0,0
d004/2024/4kv/kv_vopr9.csv,11688,0,0,0
d006/2024/rio_2024.csv,11704,0,0,0
d008/2024/kontr_k.csv,12000,0,0,0
