table,rows,columns,households,missing_key,full_duplicate_rows,empty_columns
d002/2024/ocenka.csv,11931,97,11931,0,0,4
d002/2024/subject.csv,11931,75,11931,0,0,3
d004/2024/1kv/kv_vopr0.csv,12000,6,12000,0,0,0
d004/2024/1kv/kv_vopr1.csv,269130,10,11958,0,853,1
d004/2024/1kv/kv_vopr10.csv,8107,12,5003,0,0,0
d004/2024/1kv/kv_vopr11.csv,24535,33,11913,0,0,0
d004/2024/1kv/kv_vopr12.csv,6882,12,4235,0,40,0
d004/2024/1kv/kv_vopr2.csv,65466,9,11958,0,68,0
d004/2024/1kv/kv_vopr3.csv,26191,8,11957,0,87,0
d004/2024/1kv/kv_vopr4.csv,2843,8,2381,0,2,0
d004/2024/1kv/kv_vopr5.csv,4511,8,3394,0,9,0
d004/2024/1kv/kv_vopr6.csv,44054,10,11645,0,282,1
d004/2024/1kv/kv_vopr7.csv,16355,8,9949,0,24,0
d004/2024/1kv/kv_vopr9.csv,50165,20,11956,0,562,0
d004/2024/2kv/kv_vopr0.csv,12000,6,12000,0,0,0
d004/2024/2kv/kv_vopr1.csv,267326,10,11842,0,831,1
d004/2024/2kv/kv_vopr10.csv,9634,12,5113,0,4,0
d004/2024/2kv/kv_vopr11.csv,24513,33,11798,0,0,0
d004/2024/2kv/kv_vopr12.csv,6330,12,3900,0,22,0
d004/2024/2kv/kv_vopr2.csv,62559,9,11845,0,102,0
d004/2024/2kv/kv_vopr3.csv,25476,8,11845,0,93,0
d004/2024/2kv/kv_vopr4.csv,2490,8,2139,0,5,0
d004/2024/2kv/kv_vopr5.csv,4673,8,3473,0,11,0
d004/2024/2kv/kv_vopr6.csv,44266,10,11619,0,267,1
d004/2024/2kv/kv_vopr7.csv,16645,8,9939,0,42,0
d004/2024/2kv/kv_vopr9.csv,56682,20,11832,0,1699,0
d004/2024/3kv/kv_vopr0.csv,12000,6,12000,0,0,0
d004/2024/3kv/kv_vopr1.csv,294179,10,11736,0,923,1
d004/2024/3kv/kv_vopr10.csv,14444,12,6040,0,0,0
d004/2024/3kv/kv_vopr11.csv,24387,33,11678,0,0,0
d004/2024/3kv/kv_vopr12.csv,6131,12,3819,0,28,0
d004/2024/3kv/kv_vopr2.csv,58974,9,11740,0,95,0
d004/2024/3kv/kv_vopr3.csv,25350,8,11727,0,97,0
d004/2024/3kv/kv_vopr4.csv,2261,8,1959,0,6,0
d004/2024/3kv/kv_vopr5.csv,4295,8,3223,0,4,0
d004/2024/3kv/kv_vopr6.csv,46988,10,11547,0,283,1
d004/2024/3kv/kv_vopr7.csv,16576,8,9859,0,45,0
d004/2024/3kv/kv_vopr9.csv,64524,20,11721,0,1506,0
d004/2024/4kv/kv_vopr0.csv,12000,6,12000,0,0,0
d004/2024/4kv/kv_vopr1.csv,264416,10,11702,0,820,1
d004/2024/4kv/kv_vopr10.csv,8303,12,4826,0,0,0
d004/2024/4kv/kv_vopr11.csv,24427,33,11641,0,0,0
d004/2024/4kv/kv_vopr12.csv,5611,12,3559,0,25,0
d004/2024/4kv/kv_vopr2.csv,64421,9,11704,0,99,0
d004/2024/4kv/kv_vopr3.csv,24647,8,11691,0,90,0
d004/2024/4kv/kv_vopr4.csv,2586,8,2163,0,5,0
d004/2024/4kv/kv_vopr5.csv,4163,8,3173,0,13,0
d004/2024/4kv/kv_vopr6.csv,43394,10,11432,0,251,1
d004/2024/4kv/kv_vopr7.csv,16132,8,9867,0,37,0
d004/2024/4kv/kv_vopr9.csv,49340,20,11688,0,547,0
d006/2024/rio_2024.csv,11704,247,11704,0,0,56
d008/2024/kontr_k.csv,41821,35,12000,0,0,1
